"No.","Time","Source","Destination","Protocol","Length","Info"
"1","0.000000","192.168.12.35","146.75.37.140","UDP","80","50355  >  443 Len=38"
"2","0.049526","146.75.37.140","192.168.12.35","UDP","67","443  >  50355 Len=25"
"3","0.594377","192.168.12.35","146.75.37.140","TLSv1.2","3240","Application Data"
"4","0.594474","192.168.12.35","146.75.37.140","TLSv1.2","3359","Application Data"
"5","0.594499","192.168.12.35","146.75.37.140","TLSv1.2","1633","Application Data"
"6","0.633961","146.75.37.140","192.168.12.35","TCP","54","443  >  61013 [ACK] Seq=1 Ack=1397 Win=8244 Len=0"
"7","0.653492","146.75.37.140","192.168.12.35","TCP","54","443  >  61013 [ACK] Seq=1 Ack=2793 Win=8244 Len=0"
"8","0.659075","146.75.37.140","192.168.12.35","TCP","54","443  >  61013 [ACK] Seq=1 Ack=3187 Win=8244 Len=0"
"9","0.673192","146.75.37.140","192.168.12.35","TCP","54","443  >  61013 [ACK] Seq=1 Ack=4583 Win=8244 Len=0"
"10","0.693715","146.75.37.140","192.168.12.35","TCP","54","443  >  61013 [ACK] Seq=1 Ack=5979 Win=8244 Len=0"
"11","0.699220","146.75.37.140","192.168.12.35","TCP","54","443  >  61013 [ACK] Seq=1 Ack=6492 Win=8244 Len=0"
"12","0.708378","146.75.37.140","192.168.12.35","TCP","1430","443  >  61013 [ACK] Seq=1 Ack=6492 Win=8244 Len=1376 [TCP PDU reassembled in 13]"
"13","0.708378","146.75.37.140","192.168.12.35","TLSv1.2","447","Application Data"
"14","0.708378","146.75.37.140","192.168.12.35","TCP","1430","443  >  61013 [ACK] Seq=1770 Ack=6492 Win=8244 Len=1376 [TCP PDU reassembled in 15]"
"15","0.708378","146.75.37.140","192.168.12.35","TLSv1.2","1072","Application Data"
"16","0.708544","192.168.12.35","146.75.37.140","TCP","54","61013  >  443 [ACK] Seq=8071 Ack=1377 Win=1025 Len=0"
"17","0.708595","192.168.12.35","146.75.37.140","TCP","54","61013  >  443 [ACK] Seq=8071 Ack=1770 Win=1023 Len=0"
"18","0.708617","192.168.12.35","146.75.37.140","TCP","54","61013  >  443 [ACK] Seq=8071 Ack=3146 Win=1025 Len=0"
"19","0.708637","192.168.12.35","146.75.37.140","TCP","54","61013  >  443 [ACK] Seq=8071 Ack=4164 Win=1021 Len=0"
"20","0.711280","146.75.37.140","192.168.12.35","TCP","1430","443  >  61013 [ACK] Seq=4164 Ack=6492 Win=8244 Len=1376 [TCP PDU reassembled in 30]"
"21","0.711280","146.75.37.140","192.168.12.35","TCP","1430","443  >  61013 [PSH, ACK] Seq=5540 Ack=6492 Win=8244 Len=1376 [TCP PDU reassembled in 30]"
"22","0.711280","146.75.37.140","192.168.12.35","TCP","1430","443  >  61013 [ACK] Seq=6916 Ack=6492 Win=8244 Len=1376 [TCP PDU reassembled in 30]"
"23","0.711280","146.75.37.140","192.168.12.35","TCP","1430","443  >  61013 [PSH, ACK] Seq=8292 Ack=6492 Win=8244 Len=1376 [TCP PDU reassembled in 30]"
"24","0.711280","146.75.37.140","192.168.12.35","TCP","1430","443  >  61013 [ACK] Seq=9668 Ack=6492 Win=8244 Len=1376 [TCP PDU reassembled in 30]"
"25","0.711280","146.75.37.140","192.168.12.35","TCP","1430","443  >  61013 [PSH, ACK] Seq=11044 Ack=6492 Win=8244 Len=1376 [TCP PDU reassembled in 30]"
"26","0.711280","146.75.37.140","192.168.12.35","TCP","1430","443  >  61013 [ACK] Seq=12420 Ack=6492 Win=8244 Len=1376 [TCP PDU reassembled in 30]"
"27","0.711280","146.75.37.140","192.168.12.35","TCP","1430","443  >  61013 [PSH, ACK] Seq=13796 Ack=6492 Win=8244 Len=1376 [TCP PDU reassembled in 30]"
"28","0.711280","146.75.37.140","192.168.12.35","TCP","1430","443  >  61013 [ACK] Seq=15172 Ack=6492 Win=8244 Len=1376 [TCP PDU reassembled in 30]"
"29","0.711280","146.75.37.140","192.168.12.35","TCP","1430","443  >  61013 [PSH, ACK] Seq=16548 Ack=6492 Win=8244 Len=1376 [TCP PDU reassembled in 30]"
"30","0.711280","146.75.37.140","192.168.12.35","TLSv1.2","346","Application Data"
"31","0.711280","146.75.37.140","192.168.12.35","TLSv1.2","867","Application Data"
"32","0.711723","192.168.12.35","146.75.37.140","TCP","54","61013  >  443 [ACK] Seq=8071 Ack=17924 Win=1025 Len=0"
"33","0.711832","192.168.12.35","146.75.37.140","TCP","54","61013  >  443 [ACK] Seq=8071 Ack=19029 Win=1020 Len=0"
"34","0.724562","146.75.37.140","192.168.12.35","TCP","54","443  >  61013 [ACK] Seq=19029 Ack=7888 Win=8244 Len=0"
"35","0.724562","146.75.37.140","192.168.12.35","TCP","54","443  >  61013 [ACK] Seq=19029 Ack=8071 Win=8244 Len=0"
"36","0.724562","146.75.37.140","192.168.12.35","TLSv1.2","90","Application Data"
"37","0.724562","146.75.37.140","192.168.12.35","TCP","1430","443  >  61013 [ACK] Seq=19065 Ack=8071 Win=8244 Len=1376 [TCP PDU reassembled in 49]"
"38","0.724562","146.75.37.140","192.168.12.35","TCP","1430","443  >  61013 [PSH, ACK] Seq=20441 Ack=8071 Win=8244 Len=1376 [TCP PDU reassembled in 49]"
"39","0.724562","146.75.37.140","192.168.12.35","TCP","1430","443  >  61013 [ACK] Seq=21817 Ack=8071 Win=8244 Len=1376 [TCP PDU reassembled in 49]"
"40","0.724562","146.75.37.140","192.168.12.35","TCP","1430","443  >  61013 [PSH, ACK] Seq=23193 Ack=8071 Win=8244 Len=1376 [TCP PDU reassembled in 49]"
"41","0.724562","146.75.37.140","192.168.12.35","TCP","1430","443  >  61013 [ACK] Seq=24569 Ack=8071 Win=8244 Len=1376 [TCP PDU reassembled in 49]"
"42","0.724562","146.75.37.140","192.168.12.35","TCP","1430","443  >  61013 [PSH, ACK] Seq=25945 Ack=8071 Win=8244 Len=1376 [TCP PDU reassembled in 49]"
"43","0.724562","146.75.37.140","192.168.12.35","TCP","1430","443  >  61013 [ACK] Seq=27321 Ack=8071 Win=8244 Len=1376 [TCP PDU reassembled in 49]"
"44","0.724562","146.75.37.140","192.168.12.35","TCP","1430","443  >  61013 [PSH, ACK] Seq=28697 Ack=8071 Win=8244 Len=1376 [TCP PDU reassembled in 49]"
"45","0.724562","146.75.37.140","192.168.12.35","TCP","1430","443  >  61013 [ACK] Seq=30073 Ack=8071 Win=8244 Len=1376 [TCP PDU reassembled in 49]"
"46","0.724562","146.75.37.140","192.168.12.35","TCP","1430","443  >  61013 [PSH, ACK] Seq=31449 Ack=8071 Win=8244 Len=1376 [TCP PDU reassembled in 49]"
"47","0.724562","146.75.37.140","192.168.12.35","TCP","1430","443  >  61013 [ACK] Seq=32825 Ack=8071 Win=8244 Len=1376 [TCP PDU reassembled in 49]"
"48","0.725731","192.168.12.35","146.75.37.140","TCP","54","61013  >  443 [ACK] Seq=8071 Ack=34201 Win=1025 Len=0"
"49","0.728748","146.75.37.140","192.168.12.35","TLSv1.2","1430","Application Data"
"50","0.728748","146.75.37.140","192.168.12.35","TCP","1430","443  >  61013 [ACK] Seq=35577 Ack=8071 Win=8244 Len=1376 [TCP PDU reassembled in 61]"
"51","0.728748","146.75.37.140","192.168.12.35","TCP","1430","443  >  61013 [PSH, ACK] Seq=36953 Ack=8071 Win=8244 Len=1376 [TCP PDU reassembled in 61]"
"52","0.728748","146.75.37.140","192.168.12.35","TCP","1430","443  >  61013 [ACK] Seq=38329 Ack=8071 Win=8244 Len=1376 [TCP PDU reassembled in 61]"
"53","0.728748","146.75.37.140","192.168.12.35","TCP","1430","443  >  61013 [PSH, ACK] Seq=39705 Ack=8071 Win=8244 Len=1376 [TCP PDU reassembled in 61]"
"54","0.728748","146.75.37.140","192.168.12.35","TCP","1430","443  >  61013 [ACK] Seq=41081 Ack=8071 Win=8244 Len=1376 [TCP PDU reassembled in 61]"
"55","0.728748","146.75.37.140","192.168.12.35","TCP","1430","443  >  61013 [PSH, ACK] Seq=42457 Ack=8071 Win=8244 Len=1376 [TCP PDU reassembled in 61]"
"56","0.728748","146.75.37.140","192.168.12.35","TCP","1430","443  >  61013 [ACK] Seq=43833 Ack=8071 Win=8244 Len=1376 [TCP PDU reassembled in 61]"
"57","0.728748","146.75.37.140","192.168.12.35","TCP","1430","443  >  61013 [PSH, ACK] Seq=45209 Ack=8071 Win=8244 Len=1376 [TCP PDU reassembled in 61]"
"58","0.728748","146.75.37.140","192.168.12.35","TCP","1430","443  >  61013 [ACK] Seq=46585 Ack=8071 Win=8244 Len=1376 [TCP PDU reassembled in 61]"
"59","0.728748","146.75.37.140","192.168.12.35","TCP","1430","443  >  61013 [PSH, ACK] Seq=47961 Ack=8071 Win=8244 Len=1376 [TCP PDU reassembled in 61]"
"60","0.728748","146.75.37.140","192.168.12.35","TCP","1430","443  >  61013 [ACK] Seq=49337 Ack=8071 Win=8244 Len=1376 [TCP PDU reassembled in 61]"
"61","0.728748","146.75.37.140","192.168.12.35","TLSv1.2","1430","Application Data, Application Data"
"62","0.728748","146.75.37.140","192.168.12.35","TLSv1.2","1418","Application Data"
"63","0.728748","146.75.37.140","192.168.12.35","TLSv1.2","1051","Application Data"
"64","0.728748","146.75.37.140","192.168.12.35","TCP","1430","443  >  61013 [ACK] Seq=54450 Ack=8071 Win=8244 Len=1376 [TCP PDU reassembled in 69]"
"65","0.728748","146.75.37.140","192.168.12.35","TCP","1430","443  >  61013 [PSH, ACK] Seq=55826 Ack=8071 Win=8244 Len=1376 [TCP PDU reassembled in 69]"
"66","0.729566","192.168.12.35","146.75.37.140","TCP","54","61013  >  443 [ACK] Seq=8071 Ack=52089 Win=1025 Len=0"
"67","0.729823","192.168.12.35","146.75.37.140","TCP","54","61013  >  443 [ACK] Seq=8071 Ack=53453 Win=1019 Len=0"
"68","0.729942","192.168.12.35","146.75.37.140","TCP","54","61013  >  443 [ACK] Seq=8071 Ack=57202 Win=1025 Len=0"
"69","0.735669","146.75.37.140","192.168.12.35","TLSv1.2","1036","Application Data"
"70","0.735669","146.75.37.140","192.168.12.35","TCP","1430","443  >  61013 [ACK] Seq=58184 Ack=8071 Win=8244 Len=1376 [TCP PDU reassembled in 71]"
"71","0.735669","146.75.37.140","192.168.12.35","TLSv1.2","969","Application Data"
"72","0.735669","146.75.37.140","192.168.12.35","TLSv1.2","842","Application Data"
"73","0.736105","192.168.12.35","146.75.37.140","TCP","54","61013  >  443 [ACK] Seq=8071 Ack=58184 Win=1021 Len=0"
"74","0.736361","192.168.12.35","146.75.37.140","TCP","54","61013  >  443 [ACK] Seq=8071 Ack=60475 Win=1025 Len=0"
"75","0.740652","146.75.37.140","192.168.12.35","TLSv1.2","112","Application Data"
"76","0.740652","146.75.37.140","192.168.12.35","TLSv1.2","117","Application Data"
"77","0.740652","146.75.37.140","192.168.12.35","TLSv1.2","181","Application Data"
"78","0.740652","146.75.37.140","192.168.12.35","TLSv1.2","187","Application Data"
"79","0.740652","146.75.37.140","192.168.12.35","TLSv1.2","232","Application Data"
"80","0.740652","146.75.37.140","192.168.12.35","TLSv1.2","582","Application Data"
"81","0.740652","146.75.37.140","192.168.12.35","TCP","1430","443  >  61013 [ACK] Seq=62350 Ack=8071 Win=8244 Len=1376 [TCP PDU reassembled in 82]"
"82","0.740652","146.75.37.140","192.168.12.35","TLSv1.2","1135","Application Data"
"83","0.740652","146.75.37.140","192.168.12.35","TLSv1.2","474","Application Data"
"84","0.740652","146.75.37.140","192.168.12.35","TLSv1.2","156","Application Data"
"85","0.740652","146.75.37.140","192.168.12.35","TLSv1.2","838","Application Data, Application Data, Application Data, Application Data"
"86","0.740652","146.75.37.140","192.168.12.35","TLSv1.2","100","Application Data"
"87","0.740652","146.75.37.140","192.168.12.35","TLSv1.2","741","Application Data"
"88","0.740652","146.75.37.140","192.168.12.35","TLSv1.2","320","Application Data"
"89","0.740652","146.75.37.140","192.168.12.35","TLSv1.2","486","Application Data, Application Data"
"90","0.740652","146.75.37.140","192.168.12.35","TLSv1.2","117","Application Data"
"91","0.740652","146.75.37.140","192.168.12.35","TLSv1.2","980","Application Data"
"92","0.741333","192.168.12.35","146.75.37.140","TCP","54","61013  >  443 [ACK] Seq=8071 Ack=61321 Win=1021 Len=0"
"93","0.741467","192.168.12.35","146.75.37.140","TCP","54","61013  >  443 [ACK] Seq=8071 Ack=61511 Win=1021 Len=0"
"94","0.741512","192.168.12.35","146.75.37.140","TCP","54","61013  >  443 [ACK] Seq=8071 Ack=61822 Win=1019 Len=0"
"95","0.741569","192.168.12.35","146.75.37.140","TCP","54","61013  >  443 [ACK] Seq=8071 Ack=63726 Win=1025 Len=0"
"96","0.741627","192.168.12.35","146.75.37.140","TCP","54","61013  >  443 [ACK] Seq=8071 Ack=65227 Win=1025 Len=0"
"97","0.741653","192.168.12.35","146.75.37.140","TCP","54","61013  >  443 [ACK] Seq=8071 Ack=66113 Win=1021 Len=0"
"98","0.741740","192.168.12.35","146.75.37.140","TCP","54","61013  >  443 [ACK] Seq=8071 Ack=66846 Win=1025 Len=0"
"99","0.741766","192.168.12.35","146.75.37.140","TCP","54","61013  >  443 [ACK] Seq=8071 Ack=67544 Win=1022 Len=0"
"100","0.741803","192.168.12.35","146.75.37.140","TCP","54","61013  >  443 [ACK] Seq=8071 Ack=68533 Win=1025 Len=0"
"101","0.747616","146.75.37.140","192.168.12.35","TLSv1.2","291","Application Data"
"102","0.747616","146.75.37.140","192.168.12.35","TLSv1.2","192","Application Data"
"103","0.747616","146.75.37.140","192.168.12.35","TLSv1.2","157","Application Data"
"104","0.747616","146.75.37.140","192.168.12.35","TLSv1.2","356","Application Data"
"105","0.747616","146.75.37.140","192.168.12.35","TLSv1.2","470","Application Data"
"106","0.747616","146.75.37.140","192.168.12.35","TLSv1.2","108","Application Data"
"107","0.748808","192.168.12.35","146.75.37.140","TCP","54","61013  >  443 [ACK] Seq=8071 Ack=68908 Win=1023 Len=0"
"108","0.749055","192.168.12.35","146.75.37.140","TCP","54","61013  >  443 [ACK] Seq=8071 Ack=69313 Win=1022 Len=0"
"109","0.749111","192.168.12.35","146.75.37.140","TCP","54","61013  >  443 [ACK] Seq=8071 Ack=69783 Win=1020 Len=0"
"110","0.760974","192.168.12.35","146.75.37.140","UDP","95","50355  >  443 Len=53"
"111","0.791292","146.75.37.140","192.168.12.35","UDP","67","443  >  50355 Len=25"
"112","0.806053","192.168.12.35","146.75.37.140","UDP","84","50355  >  443 Len=42"
"113","0.813321","146.75.37.140","192.168.12.35","UDP","67","443  >  50355 Len=25"
"114","1.296389","146.75.37.140","192.168.12.35","TLSv1.2","564","Application Data"
"115","1.296389","146.75.37.140","192.168.12.35","TLSv1.2","133","Application Data"
"116","1.296389","146.75.37.140","192.168.12.35","TLSv1.2","399","Application Data"
"117","1.297291","192.168.12.35","146.75.37.140","TCP","54","61013  >  443 [ACK] Seq=8071 Ack=70372 Win=1025 Len=0"
"118","1.297470","146.75.37.140","192.168.12.35","TLSv1.2","196","Application Data"
"119","1.297470","146.75.37.140","192.168.12.35","TLSv1.2","222","Application Data"
"120","1.297470","146.75.37.140","192.168.12.35","TLSv1.2","154","Application Data"
"121","1.297470","146.75.37.140","192.168.12.35","TLSv1.2","257","Application Data"
"122","1.297470","146.75.37.140","192.168.12.35","TLSv1.2","1199","Application Data"
"123","1.297470","146.75.37.140","192.168.12.35","TLSv1.2","138","Application Data"
"124","1.297470","146.75.37.140","192.168.12.35","TLSv1.2","185","Application Data"
"125","1.297470","146.75.37.140","192.168.12.35","TCP","1430","443  >  61013 [ACK] Seq=72690 Ack=8071 Win=8244 Len=1376 [TCP PDU reassembled in 126]"
"126","1.297470","146.75.37.140","192.168.12.35","TLSv1.2","614","Application Data"
"127","1.297470","146.75.37.140","192.168.12.35","TLSv1.2","517","Application Data"
"128","1.297470","146.75.37.140","192.168.12.35","TLSv1.2","724","Application Data"
"129","1.297470","146.75.37.140","192.168.12.35","TLSv1.2","466","Application Data"
"130","1.297470","146.75.37.140","192.168.12.35","TLSv1.2","427","Application Data"
"131","1.297470","146.75.37.140","192.168.12.35","TLSv1.2","452","Application Data"
"132","1.297470","146.75.37.140","192.168.12.35","TLSv1.2","647","Application Data"
"133","1.297470","146.75.37.140","192.168.12.35","TLSv1.2","477","Application Data"
"134","1.297470","146.75.37.140","192.168.12.35","TLSv1.2","460","Application Data"
"135","1.297470","146.75.37.140","192.168.12.35","TLSv1.2","331","Application Data"
"136","1.297470","146.75.37.140","192.168.12.35","TLSv1.2","363","Application Data"
"137","1.297470","146.75.37.140","192.168.12.35","TLSv1.2","244","Application Data"
"138","1.297470","146.75.37.140","192.168.12.35","TLSv1.2","107","Application Data"
"139","1.297470","146.75.37.140","192.168.12.35","TLSv1.2","166","Application Data"
"140","1.297470","146.75.37.140","192.168.12.35","TLSv1.2","622","Application Data"
"141","1.298840","192.168.12.35","146.75.37.140","TCP","54","61013  >  443 [ACK] Seq=8071 Ack=70859 Win=1023 Len=0"
"142","1.299131","192.168.12.35","146.75.37.140","TCP","54","61013  >  443 [ACK] Seq=8071 Ack=71127 Win=1022 Len=0"
"143","1.299201","192.168.12.35","146.75.37.140","TCP","54","61013  >  443 [ACK] Seq=8071 Ack=72475 Win=1025 Len=0"
"144","1.299265","192.168.12.35","146.75.37.140","TCP","54","61013  >  443 [ACK] Seq=8071 Ack=72690 Win=1024 Len=0"
"145","1.299379","192.168.12.35","146.75.37.140","TCP","54","61013  >  443 [ACK] Seq=8071 Ack=74626 Win=1025 Len=0"
"146","1.299464","192.168.12.35","146.75.37.140","TCP","54","61013  >  443 [ACK] Seq=8071 Ack=75759 Win=1020 Len=0"
"147","1.299535","192.168.12.35","146.75.37.140","TCP","54","61013  >  443 [ACK] Seq=8071 Ack=76544 Win=1025 Len=0"
"148","1.299595","192.168.12.35","146.75.37.140","TCP","54","61013  >  443 [ACK] Seq=8071 Ack=77535 Win=1021 Len=0"
"149","1.299672","192.168.12.35","146.75.37.140","TCP","54","61013  >  443 [ACK] Seq=8071 Ack=78364 Win=1025 Len=0"
"150","1.299732","192.168.12.35","146.75.37.140","TCP","54","61013  >  443 [ACK] Seq=8071 Ack=78950 Win=1022 Len=0"
"151","1.299809","192.168.12.35","146.75.37.140","TCP","54","61013  >  443 [ACK] Seq=8071 Ack=79193 Win=1021 Len=0"
"152","1.299891","192.168.12.35","146.75.37.140","TCP","54","61013  >  443 [ACK] Seq=8071 Ack=79873 Win=1025 Len=0"
"153","1.300698","146.75.37.140","192.168.12.35","TLSv1.2","244","Application Data"
"154","1.300698","146.75.37.140","192.168.12.35","TLSv1.2","554","Application Data"
"155","1.300698","146.75.37.140","192.168.12.35","TLSv1.2","442","Application Data"
"156","1.301094","192.168.12.35","146.75.37.140","TCP","54","61013  >  443 [ACK] Seq=8071 Ack=80563 Win=1022 Len=0"
"157","1.303823","192.168.12.35","146.75.37.140","TLSv1.2","89","Application Data"
"158","1.306336","146.75.37.140","192.168.12.35","TLSv1.2","180","Application Data"
"159","1.306336","146.75.37.140","192.168.12.35","TLSv1.2","198","Application Data"
"160","1.306336","146.75.37.140","192.168.12.35","TLSv1.2","173","Application Data"
"161","1.306336","146.75.37.140","192.168.12.35","TLSv1.2","787","Application Data"
"162","1.306336","146.75.37.140","192.168.12.35","TLSv1.2","235","Application Data"
"163","1.306336","146.75.37.140","192.168.12.35","TLSv1.2","204","Application Data"
"164","1.306336","146.75.37.140","192.168.12.35","TLSv1.2","265","Application Data"
"165","1.306336","146.75.37.140","192.168.12.35","TLSv1.2","261","Application Data"
"166","1.306336","146.75.37.140","192.168.12.35","TLSv1.2","211","Application Data"
"167","1.306336","146.75.37.140","192.168.12.35","TLSv1.2","209","Application Data"
"168","1.306336","146.75.37.140","192.168.12.35","TLSv1.2","188","Application Data"
"169","1.306336","146.75.37.140","192.168.12.35","TLSv1.2","727","Application Data"
"170","1.306336","146.75.37.140","192.168.12.35","TLSv1.2","225","Application Data"
"171","1.306336","146.75.37.140","192.168.12.35","TLSv1.2","233","Application Data"
"172","1.306336","146.75.37.140","192.168.12.35","TLSv1.2","214","Application Data"
"173","1.306336","146.75.37.140","192.168.12.35","TLSv1.2","160","Application Data"
"174","1.306336","146.75.37.140","192.168.12.35","TLSv1.2","195","Application Data"
"175","1.306336","146.75.37.140","192.168.12.35","TLSv1.2","339","Application Data"
"176","1.306336","146.75.37.140","192.168.12.35","TLSv1.2","201","Application Data"
"177","1.306336","146.75.37.140","192.168.12.35","TLSv1.2","472","Application Data"
"178","1.306336","146.75.37.140","192.168.12.35","TLSv1.2","227","Application Data"
"179","1.306336","146.75.37.140","192.168.12.35","TLSv1.2","358","Application Data"
"180","1.306336","146.75.37.140","192.168.12.35","TLSv1.2","220","Application Data"
"181","1.307765","192.168.12.35","146.75.37.140","TCP","54","61013  >  443 [ACK] Seq=8106 Ack=81221 Win=1019 Len=0"
"182","1.308014","192.168.12.35","146.75.37.140","TCP","54","61013  >  443 [ACK] Seq=8106 Ack=81340 Win=1025 Len=0"
"183","1.308088","192.168.12.35","146.75.37.140","TCP","54","61013  >  443 [ACK] Seq=8106 Ack=82073 Win=1022 Len=0"
"184","1.308158","192.168.12.35","146.75.37.140","TCP","54","61013  >  443 [ACK] Seq=8106 Ack=82404 Win=1021 Len=0"
"185","1.308225","192.168.12.35","146.75.37.140","TCP","54","61013  >  443 [ACK] Seq=8106 Ack=82822 Win=1025 Len=0"
"186","1.308393","192.168.12.35","146.75.37.140","TCP","54","61013  >  443 [ACK] Seq=8106 Ack=83134 Win=1023 Len=0"
"187","1.308638","192.168.12.35","146.75.37.140","TCP","54","61013  >  443 [ACK] Seq=8106 Ack=83941 Win=1020 Len=0"
"188","1.308733","192.168.12.35","146.75.37.140","TCP","54","61013  >  443 [ACK] Seq=8106 Ack=84291 Win=1025 Len=0"
"189","1.308796","192.168.12.35","146.75.37.140","TCP","54","61013  >  443 [ACK] Seq=8106 Ack=84557 Win=1024 Len=0"
"190","1.308851","192.168.12.35","146.75.37.140","TCP","54","61013  >  443 [ACK] Seq=8106 Ack=84983 Win=1022 Len=0"
"191","1.308917","192.168.12.35","146.75.37.140","TCP","54","61013  >  443 [ACK] Seq=8106 Ack=85548 Win=1020 Len=0"
"192","1.308949","192.168.12.35","146.75.37.140","TCP","54","61013  >  443 [ACK] Seq=8106 Ack=85721 Win=1025 Len=0"
"193","1.308975","192.168.12.35","146.75.37.140","TCP","54","61013  >  443 [ACK] Seq=8106 Ack=86025 Win=1024 Len=0"
"194","1.310328","146.75.37.140","192.168.12.35","TLSv1.2","341","Application Data"
"195","1.310328","146.75.37.140","192.168.12.35","TLSv1.2","121","Application Data"
"196","1.310328","146.75.37.140","192.168.12.35","TLSv1.2","422","Application Data"
"197","1.310328","146.75.37.140","192.168.12.35","TLSv1.2","163","Application Data"
"198","1.310328","146.75.37.140","192.168.12.35","TLSv1.2","237","Application Data"
"199","1.310328","146.75.37.140","192.168.12.35","TLSv1.2","104","Application Data"
"200","1.310328","146.75.37.140","192.168.12.35","TLSv1.2","528","Application Data"
"201","1.310328","146.75.37.140","192.168.12.35","TLSv1.2","133","Application Data"
"202","1.310328","146.75.37.140","192.168.12.35","TLSv1.2","286","Application Data"
"203","1.310328","146.75.37.140","192.168.12.35","TLSv1.2","414","Application Data"
"204","1.311133","192.168.12.35","146.75.37.140","TCP","54","61013  >  443 [ACK] Seq=8106 Ack=86478 Win=1022 Len=0"
"205","1.311443","192.168.12.35","146.75.37.140","TCP","54","61013  >  443 [ACK] Seq=8106 Ack=86913 Win=1020 Len=0"
"206","1.311501","192.168.12.35","146.75.37.140","TCP","54","61013  >  443 [ACK] Seq=8106 Ack=87205 Win=1025 Len=0"
"207","1.311576","192.168.12.35","146.75.37.140","TCP","54","61013  >  443 [ACK] Seq=8106 Ack=87729 Win=1023 Len=0"
"208","1.311633","192.168.12.35","146.75.37.140","TCP","54","61013  >  443 [ACK] Seq=8106 Ack=88040 Win=1021 Len=0"
"209","1.318912","146.75.37.140","192.168.12.35","TLSv1.2","110","Application Data"
"210","1.319378","192.168.12.35","146.75.37.140","TCP","54","61013  >  443 [ACK] Seq=8106 Ack=88456 Win=1020 Len=0"
"211","1.328532","146.75.37.140","192.168.12.35","TLSv1.2","322","Application Data"
"212","1.328532","146.75.37.140","192.168.12.35","TLSv1.2","117","Application Data"
"213","1.328532","146.75.37.140","192.168.12.35","TLSv1.2","239","Application Data"
"214","1.328532","146.75.37.140","192.168.12.35","TLSv1.2","114","Application Data"
"215","1.328532","146.75.37.140","192.168.12.35","TLSv1.2","218","Application Data"
"216","1.328532","146.75.37.140","192.168.12.35","TLSv1.2","394","Application Data"
"217","1.328532","146.75.37.140","192.168.12.35","TLSv1.2","655","Application Data"
"218","1.328532","146.75.37.140","192.168.12.35","TLSv1.2","697","Application Data"
"219","1.328532","146.75.37.140","192.168.12.35","TLSv1.2","310","Application Data"
"220","1.328532","146.75.37.140","192.168.12.35","TLSv1.2","601","Application Data"
"221","1.328532","146.75.37.140","192.168.12.35","TLSv1.2","713","Application Data"
"222","1.328532","146.75.37.140","192.168.12.35","TLSv1.2","393","Application Data"
"223","1.328532","146.75.37.140","192.168.12.35","TCP","1430","443  >  61013 [ACK] Seq=92581 Ack=8071 Win=8244 Len=1376 [TCP PDU reassembled in 224]"
"224","1.328532","146.75.37.140","192.168.12.35","TLSv1.2","227","Application Data"
"225","1.329514","192.168.12.35","146.75.37.140","TCP","54","61013  >  443 [ACK] Seq=8106 Ack=88724 Win=1025 Len=0"
"226","1.329923","192.168.12.35","146.75.37.140","TCP","54","61013  >  443 [ACK] Seq=8106 Ack=88787 Win=1024 Len=0"
"227","1.330092","192.168.12.35","146.75.37.140","TCP","54","61013  >  443 [ACK] Seq=8106 Ack=89032 Win=1023 Len=0"
"228","1.330135","192.168.12.35","146.75.37.140","TCP","54","61013  >  443 [ACK] Seq=8106 Ack=89536 Win=1022 Len=0"
"229","1.330165","192.168.12.35","146.75.37.140","TCP","54","61013  >  443 [ACK] Seq=8106 Ack=90137 Win=1025 Len=0"
"230","1.330195","192.168.12.35","146.75.37.140","TCP","54","61013  >  443 [ACK] Seq=8106 Ack=90780 Win=1022 Len=0"
"231","1.330239","192.168.12.35","146.75.37.140","TCP","54","61013  >  443 [ACK] Seq=8106 Ack=91583 Win=1025 Len=0"
"232","1.330382","192.168.12.35","146.75.37.140","TCP","54","61013  >  443 [ACK] Seq=8106 Ack=92581 Win=1021 Len=0"
"233","1.330429","192.168.12.35","146.75.37.140","TCP","54","61013  >  443 [ACK] Seq=8106 Ack=93957 Win=1025 Len=0"
"234","1.330462","192.168.12.35","146.75.37.140","TCP","54","61013  >  443 [ACK] Seq=8106 Ack=94130 Win=1024 Len=0"
"235","1.354457","146.75.37.140","192.168.12.35","TCP","54","443  >  61013 [ACK] Seq=94130 Ack=8106 Win=8244 Len=0"
"236","1.411666","192.168.12.35","146.75.37.140","TLSv1.2","3189","Application Data"
"237","1.412565","192.168.12.35","146.75.37.140","TLSv1.2","718","Application Data"
"238","1.412956","192.168.12.35","146.75.37.140","TLSv1.2","3193","Application Data"
"239","1.447688","192.168.12.35","146.75.37.140","TLSv1.2","3202","Application Data"
"240","1.468883","146.75.37.140","192.168.12.35","TCP","54","443  >  61013 [ACK] Seq=94130 Ack=9502 Win=8244 Len=0"
"241","1.479216","146.75.37.140","192.168.12.35","TCP","54","443  >  61013 [ACK] Seq=94130 Ack=10898 Win=8244 Len=0"
"242","1.479216","146.75.37.140","192.168.12.35","TCP","54","443  >  61013 [ACK] Seq=94130 Ack=11241 Win=8244 Len=0"
"243","1.485171","146.75.37.140","192.168.12.35","TCP","54","443  >  61013 [ACK] Seq=94130 Ack=11905 Win=8244 Len=0"
"244","1.498814","146.75.37.140","192.168.12.35","TCP","54","443  >  61013 [ACK] Seq=94130 Ack=13301 Win=8244 Len=0"
"245","1.510583","146.75.37.140","192.168.12.35","TCP","1430","443  >  61013 [ACK] Seq=94130 Ack=13301 Win=8244 Len=1376 [TCP PDU reassembled in 246]"
"246","1.510583","146.75.37.140","192.168.12.35","TLSv1.2","292","Application Data"
"247","1.511406","192.168.12.35","146.75.37.140","TCP","54","61013  >  443 [ACK] Seq=18192 Ack=95506 Win=1025 Len=0"
"248","1.511835","192.168.12.35","146.75.37.140","TCP","54","61013  >  443 [ACK] Seq=18192 Ack=95744 Win=1024 Len=0"
"249","1.515239","146.75.37.140","192.168.12.35","TCP","54","443  >  61013 [ACK] Seq=95744 Ack=14697 Win=8244 Len=0"
"250","1.523342","146.75.37.140","192.168.12.35","TCP","54","443  >  61013 [ACK] Seq=95744 Ack=15044 Win=8244 Len=0"
"251","1.542678","146.75.37.140","192.168.12.35","TCP","54","443  >  61013 [ACK] Seq=95744 Ack=16440 Win=8244 Len=0"
"252","1.548998","146.75.37.140","192.168.12.35","TCP","54","443  >  61013 [ACK] Seq=95744 Ack=17836 Win=8244 Len=0"
"253","1.559090","192.168.12.35","146.75.37.140","TLSv1.2","3175","Application Data"
"254","1.559371","146.75.37.140","192.168.12.35","TCP","54","443  >  61013 [ACK] Seq=95744 Ack=18192 Win=8244 Len=0"
"255","1.559575","192.168.12.35","146.75.37.140","TLSv1.2","210","Application Data"
"256","1.566674","146.75.37.140","192.168.12.35","TCP","1430","443  >  61013 [ACK] Seq=95744 Ack=18192 Win=8244 Len=1376 [TCP PDU reassembled in 257]"
"257","1.566674","146.75.37.140","192.168.12.35","TLSv1.2","970","Application Data"
"258","1.567948","192.168.12.35","146.75.37.140","TCP","54","61013  >  443 [ACK] Seq=21469 Ack=97120 Win=1025 Len=0"
"259","1.568494","192.168.12.35","146.75.37.140","TCP","54","61013  >  443 [ACK] Seq=21469 Ack=98036 Win=1021 Len=0"
"260","1.589581","146.75.37.140","192.168.12.35","TCP","1430","443  >  61013 [ACK] Seq=98036 Ack=18192 Win=8244 Len=1376 [TCP PDU reassembled in 261]"
"261","1.589581","146.75.37.140","192.168.12.35","TLSv1.2","414","Application Data"
"262","1.590558","192.168.12.35","146.75.37.140","TCP","54","61013  >  443 [ACK] Seq=21469 Ack=99412 Win=1025 Len=0"
"263","1.591015","192.168.12.35","146.75.37.140","TCP","54","61013  >  443 [ACK] Seq=21469 Ack=99772 Win=1023 Len=0"
"264","1.604039","146.75.37.140","192.168.12.35","TCP","54","443  >  61013 [ACK] Seq=99772 Ack=19588 Win=8244 Len=0"
"265","1.618633","146.75.37.140","192.168.12.35","TCP","54","443  >  61013 [ACK] Seq=99772 Ack=20984 Win=8244 Len=0"
"266","1.629722","146.75.37.140","192.168.12.35","TCP","54","443  >  61013 [ACK] Seq=99772 Ack=21313 Win=8244 Len=0"
"267","1.629722","146.75.37.140","192.168.12.35","TCP","54","443  >  61013 [ACK] Seq=99772 Ack=21469 Win=8244 Len=0"
"268","1.647854","146.75.37.140","192.168.12.35","TLSv1.2","594","Application Data"
"269","1.647854","146.75.37.140","192.168.12.35","TLSv1.2","95","Application Data"
"270","1.649072","192.168.12.35","146.75.37.140","TCP","54","61013  >  443 [ACK] Seq=21469 Ack=100353 Win=1021 Len=0"
"271","1.684684","146.75.37.140","192.168.12.35","TCP","1430","443  >  61013 [ACK] Seq=100353 Ack=21469 Win=8244 Len=1376 [TCP PDU reassembled in 272]"
"272","1.684684","146.75.37.140","192.168.12.35","TLSv1.2","1094","Application Data"
"273","1.685539","192.168.12.35","146.75.37.140","TCP","54","61013  >  443 [ACK] Seq=21469 Ack=102769 Win=1025 Len=0"
"274","1.711458","192.168.12.35","146.75.37.140","TLSv1.2","3194","Application Data"
"275","1.712607","192.168.12.35","146.75.37.140","TLSv1.2","3209","Application Data"
"276","1.712818","192.168.12.35","146.75.37.140","TLSv1.2","3186","Application Data"
"277","1.712944","192.168.12.35","146.75.37.140","TLSv1.2","3288","Application Data"
"278","1.767577","146.75.37.140","192.168.12.35","TCP","54","443  >  61013 [ACK] Seq=102769 Ack=22865 Win=8244 Len=0"
"279","1.782362","146.75.37.140","192.168.12.35","TCP","54","443  >  61013 [ACK] Seq=102769 Ack=24609 Win=8244 Len=0"
"280","1.789344","192.168.12.35","146.75.37.140","TLSv1.2","146","Application Data"
"281","1.789548","192.168.12.35","146.75.37.140","TLSv1.2","93","Application Data"
"282","1.814857","146.75.37.140","192.168.12.35","TCP","54","443  >  61013 [ACK] Seq=102769 Ack=26005 Win=8244 Len=0"
"283","1.814857","146.75.37.140","192.168.12.35","TCP","1430","443  >  61013 [ACK] Seq=102769 Ack=26005 Win=8244 Len=1376 [TCP PDU reassembled in 284]"
"284","1.814857","146.75.37.140","192.168.12.35","TLSv1.2","411","Application Data"
"285","1.814857","146.75.37.140","192.168.12.35","TCP","54","443  >  61013 [ACK] Seq=104502 Ack=27401 Win=8244 Len=0"
"286","1.816235","192.168.12.35","146.75.37.140","TCP","54","61013  >  443 [ACK] Seq=34130 Ack=104502 Win=1025 Len=0"
"287","1.829613","146.75.37.140","192.168.12.35","TCP","54","443  >  61013 [ACK] Seq=104502 Ack=27764 Win=8244 Len=0"
"288","1.844709","146.75.37.140","192.168.12.35","TCP","54","443  >  61013 [ACK] Seq=104502 Ack=30556 Win=8244 Len=0"
"289","1.861306","146.75.37.140","192.168.12.35","TCP","1430","443  >  61013 [ACK] Seq=104502 Ack=30556 Win=8244 Len=1376 [TCP PDU reassembled in 290]"
"290","1.861306","146.75.37.140","192.168.12.35","TLSv1.2","971","Application Data"
"291","1.861306","146.75.37.140","192.168.12.35","TCP","54","443  >  61013 [ACK] Seq=106795 Ack=30896 Win=8244 Len=0"
"292","1.862085","192.168.12.35","146.75.37.140","TCP","54","61013  >  443 [ACK] Seq=34130 Ack=106795 Win=1025 Len=0"
"293","1.888157","146.75.37.140","192.168.12.35","TCP","54","443  >  61013 [ACK] Seq=106795 Ack=33688 Win=8244 Len=0"
"294","1.888157","146.75.37.140","192.168.12.35","TLSv1.2","1034","Application Data"
"295","1.888157","146.75.37.140","192.168.12.35","TCP","54","443  >  61013 [ACK] Seq=107775 Ack=34130 Win=8244 Len=0"
"296","1.888157","146.75.37.140","192.168.12.35","TCP","1430","443  >  61013 [ACK] Seq=107775 Ack=34130 Win=8244 Len=1376 [TCP PDU reassembled in 297]"
"297","1.888157","146.75.37.140","192.168.12.35","TLSv1.2","387","Application Data"
"298","1.888157","146.75.37.140","192.168.12.35","TCP","54","443  >  61155 [ACK] Seq=1 Ack=93 Win=302 Len=0"
"299","1.888157","146.75.37.140","192.168.12.35","TCP","54","443  >  61155 [ACK] Seq=1 Ack=132 Win=302 Len=0"
"300","1.888157","146.75.37.140","192.168.12.35","TLSv1.2","93","Application Data"
"301","1.888157","146.75.37.140","192.168.12.35","TLSv1.2","179","Application Data"
"302","1.889026","192.168.12.35","146.75.37.140","TCP","54","61013  >  443 [ACK] Seq=34130 Ack=109151 Win=1025 Len=0"
"303","1.889347","192.168.12.35","146.75.37.140","TCP","54","61155  >  443 [ACK] Seq=132 Ack=165 Win=1020 Len=0"
"304","1.892705","146.75.37.140","192.168.12.35","TLSv1.2","1430","Application Data"
"305","1.892705","146.75.37.140","192.168.12.35","TLSv1.2","1430","Application Data"
"306","1.892705","146.75.37.140","192.168.12.35","TLSv1.2","1430","Application Data"
"307","1.892705","146.75.37.140","192.168.12.35","TLSv1.2","694","Application Data"
"308","1.893085","192.168.12.35","146.75.37.140","TCP","54","61155  >  443 [ACK] Seq=132 Ack=4293 Win=1025 Len=0"
"309","1.893199","192.168.12.35","146.75.37.140","TCP","54","61155  >  443 [ACK] Seq=132 Ack=4933 Win=1022 Len=0"
"310","1.895114","192.168.12.35","146.75.37.140","TLSv1.2","89","Application Data"
"311","1.912047","146.75.37.140","192.168.12.35","TCP","1430","443  >  61013 [ACK] Seq=109484 Ack=34130 Win=8244 Len=1376 [TCP PDU reassembled in 312]"
"312","1.912047","146.75.37.140","192.168.12.35","TLSv1.2","950","Application Data"
"313","1.912047","146.75.37.140","192.168.12.35","TLSv1.2","100","Application Data"
"314","1.912294","192.168.12.35","146.75.37.140","TCP","54","61013  >  443 [ACK] Seq=34130 Ack=110860 Win=1025 Len=0"
"315","1.912627","192.168.12.35","146.75.37.140","TCP","54","61013  >  443 [ACK] Seq=34130 Ack=111802 Win=1021 Len=0"
"316","1.949362","146.75.37.140","192.168.12.35","TCP","54","443  >  61155 [ACK] Seq=4933 Ack=167 Win=302 Len=0"
"317","1.975561","146.75.37.140","192.168.12.35","TCP","1430","443  >  61013 [ACK] Seq=111802 Ack=34130 Win=8244 Len=1376 [TCP PDU reassembled in 318]"
"318","1.975561","146.75.37.140","192.168.12.35","TLSv1.2","112","Application Data"
"319","1.975561","146.75.37.140","192.168.12.35","TLSv1.2","610","Application Data"
"320","1.975561","146.75.37.140","192.168.12.35","TLSv1.2","367","Application Data"
"321","1.976607","192.168.12.35","146.75.37.140","TCP","54","61013  >  443 [ACK] Seq=34130 Ack=113236 Win=1025 Len=0"
"322","1.977173","192.168.12.35","146.75.37.140","TCP","54","61013  >  443 [ACK] Seq=34130 Ack=114105 Win=1021 Len=0"
"323","2.014354","192.168.12.35","146.75.37.140","TLSv1.2","3174","Application Data"
"324","2.014778","192.168.12.35","146.75.37.140","TLSv1.2","134","Application Data"
"325","2.094128","146.75.37.140","192.168.12.35","TCP","54","443  >  61013 [ACK] Seq=114105 Ack=36922 Win=8244 Len=0"
"326","2.110390","146.75.37.140","192.168.12.35","TCP","54","443  >  61013 [ACK] Seq=114105 Ack=37250 Win=8244 Len=0"
"327","2.110390","146.75.37.140","192.168.12.35","TCP","54","443  >  61013 [ACK] Seq=114105 Ack=37330 Win=8244 Len=0"
"328","2.110390","146.75.37.140","192.168.12.35","TLSv1.2","957","Application Data"
"329","2.127489","146.75.37.140","192.168.12.35","TCP","1430","443  >  61013 [ACK] Seq=115008 Ack=37330 Win=8244 Len=1376 [TCP PDU reassembled in 330]"
"330","2.127489","146.75.37.140","192.168.12.35","TLSv1.2","313","Application Data"
"331","2.127489","146.75.37.140","192.168.12.35","TLSv1.2","1108","Application Data"
"332","2.127981","192.168.12.35","146.75.37.140","TCP","54","61013  >  443 [ACK] Seq=37330 Ack=116384 Win=1025 Len=0"
"333","2.128334","192.168.12.35","146.75.37.140","TCP","54","61013  >  443 [ACK] Seq=37330 Ack=117697 Win=1020 Len=0"
"334","2.144399","192.168.12.35","146.75.37.140","TLSv1.2","3145","Application Data"
"335","2.206199","146.75.37.140","192.168.12.35","TCP","54","443  >  61013 [ACK] Seq=117697 Ack=38726 Win=8244 Len=0"
"336","2.206199","146.75.37.140","192.168.12.35","TCP","54","443  >  61013 [ACK] Seq=117697 Ack=40421 Win=8244 Len=0"
"337","2.233493","146.75.37.140","192.168.12.35","TCP","1430","443  >  61013 [ACK] Seq=117697 Ack=40421 Win=8244 Len=1376 [TCP PDU reassembled in 338]"
"338","2.233493","146.75.37.140","192.168.12.35","TLSv1.2","974","Application Data"
"339","2.233493","146.75.37.140","192.168.12.35","TLSv1.2","87","Application Data"
"340","2.234626","192.168.12.35","146.75.37.140","TCP","54","61013  >  443 [ACK] Seq=40421 Ack=119993 Win=1025 Len=0"
"341","2.282474","192.168.12.35","146.75.37.140","TCP","54","61013  >  443 [ACK] Seq=40421 Ack=120026 Win=1025 Len=0"
"342","2.925394","146.75.37.140","192.168.12.35","TLSv1.2","251","Application Data"
"343","2.938320","146.75.37.140","192.168.12.35","TCP","1430","443  >  61013 [ACK] Seq=120223 Ack=40421 Win=8244 Len=1376 [TCP PDU reassembled in 344]"
"344","2.938320","146.75.37.140","192.168.12.35","TLSv1.2","1380","Application Data"
"345","2.938320","146.75.37.140","192.168.12.35","TLSv1.2","652","Application Data"
"346","2.939557","192.168.12.35","146.75.37.140","TCP","54","61013  >  443 [ACK] Seq=40421 Ack=121599 Win=1025 Len=0"
"347","2.940016","192.168.12.35","146.75.37.140","TCP","54","61013  >  443 [ACK] Seq=40421 Ack=123523 Win=1025 Len=0"
"348","2.945307","146.75.37.140","192.168.12.35","TLSv1.2","1038","Application Data, Application Data"
"349","2.945307","146.75.37.140","192.168.12.35","TLSv1.2","255","Application Data"
"350","2.945307","146.75.37.140","192.168.12.35","TLSv1.2","247","Application Data"
"351","2.945307","146.75.37.140","192.168.12.35","TLSv1.2","700","Application Data, Application Data"
"352","2.945307","146.75.37.140","192.168.12.35","TLSv1.2","298","Application Data"
"353","2.945307","146.75.37.140","192.168.12.35","TLSv1.2","1137","Application Data"
"354","2.945307","146.75.37.140","192.168.12.35","TLSv1.2","441","Application Data"
"355","2.945307","146.75.37.140","192.168.12.35","TLSv1.2","302","Application Data"
"356","2.945307","146.75.37.140","192.168.12.35","TLSv1.2","280","Application Data"
"357","2.945307","146.75.37.140","192.168.12.35","TLSv1.2","214","Application Data"
"358","2.945307","146.75.37.140","192.168.12.35","TLSv1.2","481","Application Data"
"359","2.945307","146.75.37.140","192.168.12.35","TLSv1.2","426","Application Data"
"360","2.945307","146.75.37.140","192.168.12.35","TLSv1.2","710","Application Data"
"361","2.945307","146.75.37.140","192.168.12.35","TLSv1.2","332","Application Data"
"362","2.945307","146.75.37.140","192.168.12.35","TLSv1.2","423","Application Data"
"363","2.945652","192.168.12.35","146.75.37.140","TCP","54","61013  >  443 [ACK] Seq=40421 Ack=124708 Win=1020 Len=0"
"364","2.945758","192.168.12.35","146.75.37.140","TCP","54","61013  >  443 [ACK] Seq=40421 Ack=125547 Win=1025 Len=0"
"365","2.945814","192.168.12.35","146.75.37.140","TCP","54","61013  >  443 [ACK] Seq=40421 Ack=126874 Win=1020 Len=0"
"366","2.945867","192.168.12.35","146.75.37.140","TCP","54","61013  >  443 [ACK] Seq=40421 Ack=127509 Win=1025 Len=0"
"367","2.945922","192.168.12.35","146.75.37.140","TCP","54","61013  >  443 [ACK] Seq=40421 Ack=127895 Win=1023 Len=0"
"368","2.945999","192.168.12.35","146.75.37.140","TCP","54","61013  >  443 [ACK] Seq=40421 Ack=128694 Win=1020 Len=0"
"369","2.946056","192.168.12.35","146.75.37.140","TCP","54","61013  >  443 [ACK] Seq=40421 Ack=129628 Win=1025 Len=0"
"370","2.958607","146.75.37.140","192.168.12.35","TLSv1.2","244","Application Data"
"371","2.958607","146.75.37.140","192.168.12.35","TLSv1.2","309","Application Data"
"372","2.958607","146.75.37.140","192.168.12.35","TLSv1.2","176","Application Data"
"373","2.958607","146.75.37.140","192.168.12.35","TLSv1.2","643","Application Data"
"374","2.958607","146.75.37.140","192.168.12.35","TLSv1.2","425","Application Data"
"375","2.958607","146.75.37.140","192.168.12.35","TLSv1.2","274","Application Data"
"376","2.958607","146.75.37.140","192.168.12.35","TLSv1.2","743","Application Data"
"377","2.958607","146.75.37.140","192.168.12.35","TLSv1.2","478","Application Data"
"378","2.958607","146.75.37.140","192.168.12.35","TLSv1.2","206","Application Data"
"379","2.958607","146.75.37.140","192.168.12.35","TLSv1.2","277","Application Data"
"380","2.958607","146.75.37.140","192.168.12.35","TLSv1.2","713","Application Data"
"381","2.959192","192.168.12.35","146.75.37.140","TCP","54","61013  >  443 [ACK] Seq=40421 Ack=130187 Win=1023 Len=0"
"382","2.959312","192.168.12.35","146.75.37.140","TCP","54","61013  >  443 [ACK] Seq=40421 Ack=130564 Win=1021 Len=0"
"383","2.959347","192.168.12.35","146.75.37.140","TCP","54","61013  >  443 [ACK] Seq=40421 Ack=131524 Win=1025 Len=0"
"384","2.959378","192.168.12.35","146.75.37.140","TCP","54","61013  >  443 [ACK] Seq=40421 Ack=132433 Win=1021 Len=0"
"385","2.959431","192.168.12.35","146.75.37.140","TCP","54","61013  >  443 [ACK] Seq=40421 Ack=133009 Win=1025 Len=0"
"386","2.959484","192.168.12.35","146.75.37.140","TCP","54","61013  >  443 [ACK] Seq=40421 Ack=133891 Win=1021 Len=0"
"387","2.964852","146.75.37.140","192.168.12.35","TLSv1.2","526","Application Data"
"388","2.964852","146.75.37.140","192.168.12.35","TLSv1.2","320","Application Data"
"389","2.964852","146.75.37.140","192.168.12.35","TLSv1.2","563","Application Data"
"390","2.964852","146.75.37.140","192.168.12.35","TLSv1.2","657","Application Data"
"391","2.964852","146.75.37.140","192.168.12.35","TLSv1.2","258","Application Data"
"392","2.964852","146.75.37.140","192.168.12.35","TLSv1.2","348","Application Data"
"393","2.964852","146.75.37.140","192.168.12.35","TLSv1.2","252","Application Data"
"394","2.964852","146.75.37.140","192.168.12.35","TLSv1.2","622","Application Data"
"395","2.964852","146.75.37.140","192.168.12.35","TLSv1.2","228","Application Data"
"396","2.964852","146.75.37.140","192.168.12.35","TLSv1.2","523","Application Data"
"397","2.964852","146.75.37.140","192.168.12.35","TLSv1.2","103","Application Data"
"398","2.964852","146.75.37.140","192.168.12.35","TLSv1.2","341","Application Data"
"399","2.966229","192.168.12.35","146.75.37.140","TCP","54","61013  >  443 [ACK] Seq=40421 Ack=134629 Win=1025 Len=0"
"400","2.966505","192.168.12.35","146.75.37.140","TCP","54","61013  >  443 [ACK] Seq=40421 Ack=135741 Win=1020 Len=0"
"401","2.966572","192.168.12.35","146.75.37.140","TCP","54","61013  >  443 [ACK] Seq=40421 Ack=136239 Win=1025 Len=0"
"402","2.966614","192.168.12.35","146.75.37.140","TCP","54","61013  >  443 [ACK] Seq=40421 Ack=137005 Win=1022 Len=0"
"403","2.966663","192.168.12.35","146.75.37.140","TCP","54","61013  >  443 [ACK] Seq=40421 Ack=137648 Win=1025 Len=0"
"404","2.966705","192.168.12.35","146.75.37.140","TCP","54","61013  >  443 [ACK] Seq=40421 Ack=137984 Win=1023 Len=0"
"405","2.991539","146.75.37.140","192.168.12.35","TLSv1.2","174","Application Data"
"406","3.013510","146.75.37.140","192.168.12.35","TLSv1.2","552","Application Data"
"407","3.014357","192.168.12.35","146.75.37.140","TCP","54","61013  >  443 [ACK] Seq=40421 Ack=138602 Win=1021 Len=0"
"408","3.025367","146.75.37.140","192.168.12.35","TLSv1.2","391","Application Data"
"409","3.025367","146.75.37.140","192.168.12.35","TLSv1.2","275","Application Data"
"410","3.026067","192.168.12.35","146.75.37.140","TCP","54","61013  >  443 [ACK] Seq=40421 Ack=139160 Win=1025 Len=0"
"411","3.031033","146.75.37.140","192.168.12.35","TLSv1.2","238","Application Data"
"412","3.031033","146.75.37.140","192.168.12.35","TLSv1.2","172","Application Data"
"413","3.031033","146.75.37.140","192.168.12.35","TLSv1.2","232","Application Data"
"414","3.031033","146.75.37.140","192.168.12.35","TLSv1.2","210","Application Data"
"415","3.031033","146.75.37.140","192.168.12.35","TLSv1.2","362","Application Data"
"416","3.031033","146.75.37.140","192.168.12.35","TLSv1.2","935","Application Data"
"417","3.031033","146.75.37.140","192.168.12.35","TLSv1.2","1333","Application Data"
"418","3.031033","146.75.37.140","192.168.12.35","TLSv1.2","740","Application Data"
"419","3.031033","146.75.37.140","192.168.12.35","TLSv1.2","268","Application Data"
"420","3.031033","146.75.37.140","192.168.12.35","TLSv1.2","188","Application Data"
"421","3.031033","146.75.37.140","192.168.12.35","TLSv1.2","372","Application Data"
"422","3.031033","146.75.37.140","192.168.12.35","TLSv1.2","275","Application Data"
"423","3.031033","146.75.37.140","192.168.12.35","TLSv1.2","240","Application Data"
"424","3.031033","146.75.37.140","192.168.12.35","TLSv1.2","648","Application Data"
"425","3.031033","146.75.37.140","192.168.12.35","TLSv1.2","182","Application Data"
"426","3.031033","146.75.37.140","192.168.12.35","TLSv1.2","292","Application Data"
"427","3.031033","146.75.37.140","192.168.12.35","TLSv1.2","330","Application Data"
"428","3.031033","146.75.37.140","192.168.12.35","TLSv1.2","454","Application Data"
"429","3.032517","192.168.12.35","146.75.37.140","TCP","54","61013  >  443 [ACK] Seq=40421 Ack=139462 Win=1024 Len=0"
"430","3.032876","192.168.12.35","146.75.37.140","TCP","54","61013  >  443 [ACK] Seq=40421 Ack=139796 Win=1022 Len=0"
"431","3.032967","192.168.12.35","146.75.37.140","TCP","54","61013  >  443 [ACK] Seq=40421 Ack=140985 Win=1025 Len=0"
"432","3.033072","192.168.12.35","146.75.37.140","TCP","54","61013  >  443 [ACK] Seq=40421 Ack=142950 Win=1025 Len=0"
"433","3.033157","192.168.12.35","146.75.37.140","TCP","54","61013  >  443 [ACK] Seq=40421 Ack=143298 Win=1023 Len=0"
"434","3.033334","192.168.12.35","146.75.37.140","TCP","54","61013  >  443 [ACK] Seq=40421 Ack=143837 Win=1021 Len=0"
"435","3.033476","192.168.12.35","146.75.37.140","TCP","54","61013  >  443 [ACK] Seq=40421 Ack=144617 Win=1025 Len=0"
"436","3.033571","192.168.12.35","146.75.37.140","TCP","54","61013  >  443 [ACK] Seq=40421 Ack=144983 Win=1023 Len=0"
"437","3.033695","192.168.12.35","146.75.37.140","TCP","54","61013  >  443 [ACK] Seq=40421 Ack=145659 Win=1021 Len=0"
"438","3.054268","146.75.37.140","192.168.12.35","TLSv1.2","142","Application Data"
"439","3.059407","146.75.37.140","192.168.12.35","TLSv1.2","197","Application Data"
"440","3.059407","146.75.37.140","192.168.12.35","TLSv1.2","1101","Application Data"
"441","3.059407","146.75.37.140","192.168.12.35","TLSv1.2","874","Application Data"
"442","3.059407","146.75.37.140","192.168.12.35","TLSv1.2","124","Application Data"
"443","3.059407","146.75.37.140","192.168.12.35","TLSv1.2","190","Application Data"
"444","3.059407","146.75.37.140","192.168.12.35","TLSv1.2","320","Application Data"
"445","3.059407","146.75.37.140","192.168.12.35","TLSv1.2","344","Application Data"
"446","3.060295","192.168.12.35","146.75.37.140","TCP","54","61013  >  443 [ACK] Seq=40421 Ack=145890 Win=1020 Len=0"
"447","3.060577","192.168.12.35","146.75.37.140","TCP","54","61013  >  443 [ACK] Seq=40421 Ack=147757 Win=1025 Len=0"
"448","3.060646","192.168.12.35","146.75.37.140","TCP","54","61013  >  443 [ACK] Seq=40421 Ack=147963 Win=1024 Len=0"
"449","3.060696","192.168.12.35","146.75.37.140","TCP","54","61013  >  443 [ACK] Seq=40421 Ack=148519 Win=1022 Len=0"
"450","3.085472","146.75.37.140","192.168.12.35","TLSv1.2","256","Application Data"
"451","3.085472","146.75.37.140","192.168.12.35","TLSv1.2","273","Application Data"
"452","3.085472","146.75.37.140","192.168.12.35","TLSv1.2","190","Application Data"
"453","3.085472","146.75.37.140","192.168.12.35","TLSv1.2","832","Application Data"
"454","3.085472","146.75.37.140","192.168.12.35","TLSv1.2","464","Application Data"
"455","3.085472","146.75.37.140","192.168.12.35","TLSv1.2","912","Application Data"
"456","3.085472","146.75.37.140","192.168.12.35","TLSv1.2","876","Application Data"
"457","3.085472","146.75.37.140","192.168.12.35","TLSv1.2","442","Application Data"
"458","3.085472","146.75.37.140","192.168.12.35","TLSv1.2","406","Application Data"
"459","3.085472","146.75.37.140","192.168.12.35","TLSv1.2","170","Application Data"
"460","3.085472","146.75.37.140","192.168.12.35","TLSv1.2","951","Application Data"
"461","3.086101","192.168.12.35","146.75.37.140","TCP","54","61013  >  443 [ACK] Seq=40421 Ack=148940 Win=1020 Len=0"
"462","3.086285","192.168.12.35","146.75.37.140","TCP","54","61013  >  443 [ACK] Seq=40421 Ack=149854 Win=1025 Len=0"
"463","3.086358","192.168.12.35","146.75.37.140","TCP","54","61013  >  443 [ACK] Seq=40421 Ack=151122 Win=1020 Len=0"
"464","3.086545","192.168.12.35","146.75.37.140","TCP","54","61013  >  443 [ACK] Seq=40421 Ack=152332 Win=1025 Len=0"
"465","3.086653","192.168.12.35","146.75.37.140","TCP","54","61013  >  443 [ACK] Seq=40421 Ack=152800 Win=1023 Len=0"
"466","3.097475","146.75.37.140","192.168.12.35","TLSv1.2","190","Application Data"
"467","3.098171","192.168.12.35","146.75.37.140","TCP","54","61013  >  443 [ACK] Seq=40421 Ack=153833 Win=1025 Len=0"
"468","3.103152","146.75.37.140","192.168.12.35","TLSv1.2","392","Application Data"
"469","3.114649","146.75.37.140","192.168.12.35","TLSv1.2","1110","Application Data"
"470","3.114649","146.75.37.140","192.168.12.35","TLSv1.2","334","Application Data"
"471","3.114649","146.75.37.140","192.168.12.35","TLSv1.2","208","Application Data"
"472","3.114649","146.75.37.140","192.168.12.35","TLSv1.2","226","Application Data"
"473","3.114649","146.75.37.140","192.168.12.35","TLSv1.2","201","Application Data"
"474","3.114649","146.75.37.140","192.168.12.35","TCP","1430","443  >  61013 [ACK] Seq=155980 Ack=40421 Win=8244 Len=1376 [TCP PDU reassembled in 475]"
"475","3.114649","146.75.37.140","192.168.12.35","TLSv1.2","143","Application Data"
"476","3.115684","192.168.12.35","146.75.37.140","TCP","54","61013  >  443 [ACK] Seq=40421 Ack=155227 Win=1019 Len=0"
"477","3.116074","192.168.12.35","146.75.37.140","TCP","54","61013  >  443 [ACK] Seq=40421 Ack=155661 Win=1025 Len=0"
"478","3.116146","192.168.12.35","146.75.37.140","TCP","54","61013  >  443 [ACK] Seq=40421 Ack=155980 Win=1023 Len=0"
"479","3.116207","192.168.12.35","146.75.37.140","TCP","54","61013  >  443 [ACK] Seq=40421 Ack=157445 Win=1025 Len=0"
"480","3.122277","146.75.37.140","192.168.12.35","TLSv1.2","489","Application Data"
"481","3.122277","146.75.37.140","192.168.12.35","TLSv1.2","826","Application Data"
"482","3.122277","146.75.37.140","192.168.12.35","TLSv1.2","463","Application Data"
"483","3.122277","146.75.37.140","192.168.12.35","TLSv1.2","326","Application Data"
"484","3.122277","146.75.37.140","192.168.12.35","TLSv1.2","468","Application Data"
"485","3.122277","146.75.37.140","192.168.12.35","TLSv1.2","697","Application Data"
"486","3.122277","146.75.37.140","192.168.12.35","TLSv1.2","316","Application Data"
"487","3.123558","192.168.12.35","146.75.37.140","TCP","54","61013  >  443 [ACK] Seq=40421 Ack=158652 Win=1020 Len=0"
"488","3.123956","192.168.12.35","146.75.37.140","TCP","54","61013  >  443 [ACK] Seq=40421 Ack=159333 Win=1025 Len=0"
"489","3.124028","192.168.12.35","146.75.37.140","TCP","54","61013  >  443 [ACK] Seq=40421 Ack=160390 Win=1021 Len=0"
"490","3.127399","146.75.37.140","192.168.12.35","TLSv1.2","164","Application Data"
"491","3.127399","146.75.37.140","192.168.12.35","TLSv1.2","413","Application Data"
"492","3.127399","146.75.37.140","192.168.12.35","TLSv1.2","725","Application Data"
"493","3.127399","146.75.37.140","192.168.12.35","TLSv1.2","617","Application Data"
"494","3.127399","146.75.37.140","192.168.12.35","TLSv1.2","906","Application Data"
"495","3.127399","146.75.37.140","192.168.12.35","TLSv1.2","368","Application Data"
"496","3.128238","192.168.12.35","146.75.37.140","TCP","54","61013  >  443 [ACK] Seq=40421 Ack=160762 Win=1025 Len=0"
"497","3.128622","192.168.12.35","146.75.37.140","TCP","54","61013  >  443 [ACK] Seq=40421 Ack=161792 Win=1021 Len=0"
"498","3.128710","192.168.12.35","146.75.37.140","TCP","54","61013  >  443 [ACK] Seq=40421 Ack=163207 Win=1025 Len=0"
"499","3.133324","146.75.37.140","192.168.12.35","TLSv1.2","172","Application Data"
"500","3.133324","146.75.37.140","192.168.12.35","TLSv1.2","799","Application Data"
"501","3.134218","192.168.12.35","146.75.37.140","TCP","54","61013  >  443 [ACK] Seq=40421 Ack=163639 Win=1023 Len=0"
"502","3.187603","192.168.12.35","146.75.37.140","TCP","54","61013  >  443 [ACK] Seq=40421 Ack=164384 Win=1020 Len=0"
"503","3.219251","146.75.37.140","192.168.12.35","TLSv1.2","198","Application Data"
"504","3.225331","146.75.37.140","192.168.12.35","TLSv1.2","166","Application Data"
"505","3.225551","192.168.12.35","146.75.37.140","TCP","54","61013  >  443 [ACK] Seq=40421 Ack=164640 Win=1025 Len=0"
"506","3.231844","146.75.37.140","192.168.12.35","TLSv1.2","314","Application Data"
"507","3.238555","146.75.37.140","192.168.12.35","TLSv1.2","265","Application Data"
"508","3.239041","192.168.12.35","146.75.37.140","TCP","54","61013  >  443 [ACK] Seq=40421 Ack=165111 Win=1023 Len=0"
"509","3.245170","192.168.12.35","146.75.37.140","UDP","1292","50355  >  443 Len=1250"
"510","3.245657","192.168.12.35","146.75.37.140","UDP","546","50355  >  443 Len=504"
"511","3.246944","146.75.37.140","192.168.12.35","TLSv1.2","85","Application Data"
"512","3.283532","192.168.12.35","146.75.37.140","UDP","1292","50355  >  443 Len=1250"
"513","3.283911","192.168.12.35","146.75.37.140","UDP","543","50355  >  443 Len=501"
"514","3.288997","146.75.37.140","192.168.12.35","UDP","67","443  >  50355 Len=25"
"515","3.296553","192.168.12.35","146.75.37.140","TCP","54","61013  >  443 [ACK] Seq=40421 Ack=165142 Win=1023 Len=0"
"516","3.318563","146.75.37.140","192.168.12.35","UDP","834","443  >  50355 Len=792"
"517","3.318563","146.75.37.140","192.168.12.35","UDP","187","443  >  50355 Len=145"
"518","3.327603","192.168.12.35","146.75.37.140","UDP","84","50355  >  443 Len=42"
"519","3.340417","146.75.37.140","192.168.12.35","UDP","67","443  >  50355 Len=25"
"520","3.360016","146.75.37.140","192.168.12.35","UDP","835","443  >  50355 Len=793"
"521","3.360016","146.75.37.140","192.168.12.35","UDP","1128","443  >  50355 Len=1086"
"522","3.374167","192.168.12.35","146.75.37.140","UDP","84","50355  >  443 Len=42"
"523","3.480972","192.168.12.35","146.75.37.140","TLSv1.2","219","Application Data"
"524","3.481109","192.168.12.35","146.75.37.140","TLSv1.2","93","Application Data"
"525","3.515365","146.75.37.140","192.168.12.35","TCP","54","443  >  61034 [ACK] Seq=1 Ack=166 Win=424 Len=0"
"526","3.515365","146.75.37.140","192.168.12.35","TCP","54","443  >  61034 [ACK] Seq=1 Ack=205 Win=424 Len=0"
"527","3.523109","146.75.37.140","192.168.12.35","TLSv1.2","93","Application Data"
"528","3.523109","146.75.37.140","192.168.12.35","TLSv1.2","182","Application Data"
"529","3.523109","146.75.37.140","192.168.12.35","TCP","1430","443  >  61034 [ACK] Seq=168 Ack=205 Win=424 Len=1376 [TCP PDU reassembled in 540]"
"530","3.523109","146.75.37.140","192.168.12.35","TCP","1430","443  >  61034 [ACK] Seq=1544 Ack=205 Win=424 Len=1376 [TCP PDU reassembled in 540]"
"531","3.523109","146.75.37.140","192.168.12.35","TCP","1430","443  >  61034 [ACK] Seq=2920 Ack=205 Win=424 Len=1376 [TCP PDU reassembled in 540]"
"532","3.523109","146.75.37.140","192.168.12.35","TCP","1430","443  >  61034 [ACK] Seq=4296 Ack=205 Win=424 Len=1376 [TCP PDU reassembled in 540]"
"533","3.523109","146.75.37.140","192.168.12.35","TCP","1430","443  >  61034 [ACK] Seq=5672 Ack=205 Win=424 Len=1376 [TCP PDU reassembled in 540]"
"534","3.523109","146.75.37.140","192.168.12.35","TCP","1430","443  >  61034 [ACK] Seq=7048 Ack=205 Win=424 Len=1376 [TCP PDU reassembled in 540]"
"535","3.523109","146.75.37.140","192.168.12.35","TCP","1430","443  >  61034 [ACK] Seq=8424 Ack=205 Win=424 Len=1376 [TCP PDU reassembled in 540]"
"536","3.523109","146.75.37.140","192.168.12.35","TCP","1430","443  >  61034 [ACK] Seq=9800 Ack=205 Win=424 Len=1376 [TCP PDU reassembled in 540]"
"537","3.523109","146.75.37.140","192.168.12.35","TCP","1430","443  >  61034 [ACK] Seq=11176 Ack=205 Win=424 Len=1376 [TCP PDU reassembled in 540]"
"538","3.523109","146.75.37.140","192.168.12.35","TCP","1430","443  >  61034 [ACK] Seq=12552 Ack=205 Win=424 Len=1376 [TCP PDU reassembled in 540]"
"539","3.523109","146.75.37.140","192.168.12.35","TCP","1430","443  >  61034 [ACK] Seq=13928 Ack=205 Win=424 Len=1376 [TCP PDU reassembled in 540]"
"540","3.523109","146.75.37.140","192.168.12.35","TLSv1.2","1430","Application Data"
"541","3.523109","146.75.37.140","192.168.12.35","TCP","1430","443  >  61034 [ACK] Seq=16680 Ack=205 Win=424 Len=1376 [TCP PDU reassembled in 552]"
"542","3.523109","146.75.37.140","192.168.12.35","TCP","1430","443  >  61034 [PSH, ACK] Seq=18056 Ack=205 Win=424 Len=1376 [TCP PDU reassembled in 552]"
"543","3.523109","146.75.37.140","192.168.12.35","TCP","1430","443  >  61034 [ACK] Seq=19432 Ack=205 Win=424 Len=1376 [TCP PDU reassembled in 552]"
"544","3.523109","146.75.37.140","192.168.12.35","TCP","1430","443  >  61034 [ACK] Seq=20808 Ack=205 Win=424 Len=1376 [TCP PDU reassembled in 552]"
"545","3.523109","146.75.37.140","192.168.12.35","TCP","1430","443  >  61034 [ACK] Seq=22184 Ack=205 Win=424 Len=1376 [TCP PDU reassembled in 552]"
"546","3.523109","146.75.37.140","192.168.12.35","TCP","1430","443  >  61034 [ACK] Seq=23560 Ack=205 Win=424 Len=1376 [TCP PDU reassembled in 552]"
"547","3.523109","146.75.37.140","192.168.12.35","TCP","1430","443  >  61034 [ACK] Seq=24936 Ack=205 Win=424 Len=1376 [TCP PDU reassembled in 552]"
"548","3.523109","146.75.37.140","192.168.12.35","TCP","1430","443  >  61034 [ACK] Seq=26312 Ack=205 Win=424 Len=1376 [TCP PDU reassembled in 552]"
"549","3.523109","146.75.37.140","192.168.12.35","TCP","1430","443  >  61034 [ACK] Seq=27688 Ack=205 Win=424 Len=1376 [TCP PDU reassembled in 552]"
"550","3.523109","146.75.37.140","192.168.12.35","TCP","1430","443  >  61034 [ACK] Seq=29064 Ack=205 Win=424 Len=1376 [TCP PDU reassembled in 552]"
"551","3.523109","146.75.37.140","192.168.12.35","TCP","1430","443  >  61034 [ACK] Seq=30440 Ack=205 Win=424 Len=1376 [TCP PDU reassembled in 552]"
"552","3.523109","146.75.37.140","192.168.12.35","TLSv1.2","1430","Application Data"
"553","3.523109","146.75.37.140","192.168.12.35","TCP","1430","443  >  61034 [ACK] Seq=33192 Ack=205 Win=424 Len=1376 [TCP PDU reassembled in 559]"
"554","3.523109","146.75.37.140","192.168.12.35","TCP","1430","443  >  61034 [ACK] Seq=34568 Ack=205 Win=424 Len=1376 [TCP PDU reassembled in 559]"
"555","3.523109","146.75.37.140","192.168.12.35","TCP","1430","443  >  61034 [ACK] Seq=35944 Ack=205 Win=424 Len=1376 [TCP PDU reassembled in 559]"
"556","3.523109","146.75.37.140","192.168.12.35","TCP","1430","443  >  61034 [PSH, ACK] Seq=37320 Ack=205 Win=424 Len=1376 [TCP PDU reassembled in 559]"
"557","3.523109","146.75.37.140","192.168.12.35","TCP","1430","443  >  61034 [ACK] Seq=38696 Ack=205 Win=424 Len=1376 [TCP PDU reassembled in 559]"
"558","3.523109","146.75.37.140","192.168.12.35","TCP","1430","443  >  61034 [ACK] Seq=40072 Ack=205 Win=424 Len=1376 [TCP PDU reassembled in 559]"
"559","3.524437","146.75.37.140","192.168.12.35","TLSv1.2","723","Application Data"
"560","3.524748","192.168.12.35","146.75.37.140","TCP","54","61034  >  443 [ACK] Seq=205 Ack=168 Win=8201 Len=0"
"561","3.525203","192.168.12.35","146.75.37.140","TCP","54","61034  >  443 [ACK] Seq=205 Ack=41448 Win=8201 Len=0"
"562","3.528563","192.168.12.35","146.75.37.140","TLSv1.2","89","Application Data"
"563","3.605600","146.75.37.140","192.168.12.35","TCP","54","443  >  61034 [ACK] Seq=42117 Ack=240 Win=424 Len=0"
"564","3.742499","192.168.12.35","146.75.37.140","UDP","1292","50355  >  443 Len=1250"
"565","3.742891","192.168.12.35","146.75.37.140","UDP","1019","50355  >  443 Len=977"
"566","3.788966","146.75.37.140","192.168.12.35","UDP","67","443  >  50355 Len=25"
"567","3.834573","146.75.37.140","192.168.12.35","UDP","1220","443  >  50355 Len=1178"
"568","3.855458","192.168.12.35","146.75.37.140","UDP","84","50355  >  443 Len=42"
"569","3.918732","192.168.12.35","146.75.37.140","UDP","1292","50355  >  443 Len=1250"
"570","3.918829","192.168.12.35","146.75.37.140","UDP","1022","50355  >  443 Len=980"
"571","3.969280","146.75.37.140","192.168.12.35","UDP","67","443  >  50355 Len=25"
"572","4.175476","192.168.12.35","146.75.37.140","UDP","80","50355  >  443 Len=38"
"573","4.273888","192.168.12.35","146.75.37.140","UDP","80","50355  >  443 Len=38"
"574","4.299163","146.75.37.140","192.168.12.35","UDP","69","443  >  50355 Len=27"
"575","4.391224","192.168.12.35","146.75.37.140","TLSv1.2","3351","Application Data"
"576","4.391334","192.168.12.35","146.75.37.140","TLSv1.2","2264","Application Data"
"577","4.438516","146.75.37.140","192.168.12.35","TCP","54","443  >  61013 [ACK] Seq=165142 Ack=41817 Win=8244 Len=0"
"578","4.457345","146.75.37.140","192.168.12.35","TCP","54","443  >  61013 [ACK] Seq=165142 Ack=43213 Win=8244 Len=0"
"579","4.463016","146.75.37.140","192.168.12.35","TCP","54","443  >  61013 [ACK] Seq=165142 Ack=43718 Win=8244 Len=0"
"580","4.483168","146.75.37.140","192.168.12.35","TCP","54","443  >  61013 [ACK] Seq=165142 Ack=45114 Win=8244 Len=0"
"581","4.489322","146.75.37.140","192.168.12.35","TCP","54","443  >  61013 [ACK] Seq=165142 Ack=45928 Win=8244 Len=0"
"582","4.504236","192.168.12.35","146.75.37.140","UDP","80","50355  >  443 Len=38"
"583","4.601587","146.75.37.140","192.168.12.35","TCP","1430","443  >  61013 [ACK] Seq=165142 Ack=45928 Win=8244 Len=1376 [TCP PDU reassembled in 584]"
"584","4.601587","146.75.37.140","192.168.12.35","TLSv1.2","430","Application Data"
"585","4.601791","192.168.12.35","146.75.37.140","TCP","54","61013  >  443 [ACK] Seq=45928 Ack=166894 Win=1025 Len=0"
"586","4.606232","192.168.12.35","146.75.37.140","UDP","80","50355  >  443 Len=38"
"587","4.619900","146.75.37.140","192.168.12.35","UDP","69","443  >  50355 Len=27"
"588","4.635145","192.168.12.35","146.75.37.140","TLSv1.2","3360","Application Data"
"589","4.635264","192.168.12.35","146.75.37.140","TLSv1.2","2350","Application Data"
"590","4.667143","146.75.37.140","192.168.12.35","UDP","71","443  >  50355 Len=29"
"591","4.687309","146.75.37.140","192.168.12.35","TCP","54","443  >  61013 [ACK] Seq=166894 Ack=47324 Win=8244 Len=0"
"592","4.720663","146.75.37.140","192.168.12.35","TCP","54","443  >  61013 [ACK] Seq=166894 Ack=48720 Win=8244 Len=0"
"593","4.720663","146.75.37.140","192.168.12.35","TCP","54","443  >  61013 [ACK] Seq=166894 Ack=49234 Win=8244 Len=0"
"594","4.743221","146.75.37.140","192.168.12.35","TCP","54","443  >  61013 [ACK] Seq=166894 Ack=50630 Win=8244 Len=0"
"595","4.755204","146.75.37.140","192.168.12.35","TCP","54","443  >  61013 [ACK] Seq=166894 Ack=51530 Win=8244 Len=0"
"596","4.817231","146.75.37.140","192.168.12.35","TCP","1430","443  >  61013 [ACK] Seq=166894 Ack=51530 Win=8244 Len=1376 [TCP PDU reassembled in 597]"
"597","4.817231","146.75.37.140","192.168.12.35","TLSv1.2","956","Application Data"
"598","4.817231","146.75.37.140","192.168.12.35","TLSv1.2","87","Application Data"
"599","4.817440","192.168.12.35","146.75.37.140","TCP","54","61013  >  443 [ACK] Seq=51530 Ack=169172 Win=1025 Len=0"
"600","4.860063","192.168.12.35","146.75.37.140","TCP","54","61013  >  443 [ACK] Seq=51530 Ack=169205 Win=1025 Len=0"
"601","4.875810","192.168.12.35","146.75.37.140","UDP","80","50355  >  443 Len=38"
"602","4.931762","146.75.37.140","192.168.12.35","UDP","71","443  >  50355 Len=29"
"603","5.139731","192.168.12.35","146.75.37.140","UDP","80","50355  >  443 Len=38"
"604","5.201029","146.75.37.140","192.168.12.35","UDP","71","443  >  50355 Len=29"
"605","5.403777","192.168.12.35","146.75.37.140","UDP","80","50355  >  443 Len=38"
"606","5.454234","146.75.37.140","192.168.12.35","UDP","71","443  >  50355 Len=29"
"607","5.669212","192.168.12.35","146.75.37.140","UDP","80","50355  >  443 Len=38"
"608","5.720634","146.75.37.140","192.168.12.35","UDP","71","443  >  50355 Len=29"
"609","6.134320","192.168.12.35","146.75.37.140","UDP","80","50355  >  443 Len=38"
"610","6.188947","146.75.37.140","192.168.12.35","UDP","71","443  >  50355 Len=29"
"611","6.991313","192.168.12.35","146.75.37.140","UDP","80","50355  >  443 Len=38"
"612","7.006855","192.168.12.35","146.75.37.140","TCP","55","61863  >  443 [ACK] Seq=1 Ack=1 Win=1024 Len=1"
"613","7.030330","146.75.37.140","192.168.12.35","TCP","66","443  >  61863 [ACK] Seq=1 Ack=2 Win=302 Len=0 SLE=1 SRE=2"
"614","7.041337","146.75.37.140","192.168.12.35","UDP","71","443  >  50355 Len=29"
"615","7.817914","192.168.12.35","146.75.37.140","TLSv1.2","3359","Application Data"
"616","7.818034","192.168.12.35","146.75.37.140","TLSv1.2","571","Application Data"
"617","7.853208","146.75.37.140","192.168.12.35","TCP","54","443  >  61013 [ACK] Seq=169205 Ack=52926 Win=8244 Len=0"
"618","7.859064","146.75.37.140","192.168.12.35","TCP","54","443  >  61013 [ACK] Seq=169205 Ack=54322 Win=8244 Len=0"
"619","7.865212","146.75.37.140","192.168.12.35","TCP","54","443  >  61013 [ACK] Seq=169205 Ack=54835 Win=8244 Len=0"
"620","7.865212","146.75.37.140","192.168.12.35","TCP","54","443  >  61013 [ACK] Seq=169205 Ack=55352 Win=8244 Len=0"
"621","7.906287","146.75.37.140","192.168.12.35","TCP","1430","443  >  61013 [ACK] Seq=169205 Ack=55352 Win=8244 Len=1376 [TCP PDU reassembled in 622]"
"622","7.906287","146.75.37.140","192.168.12.35","TLSv1.2","291","Application Data"
"623","7.906412","192.168.12.35","146.75.37.140","TCP","54","61013  >  443 [ACK] Seq=55352 Ack=170818 Win=1025 Len=0"
"624","7.907566","192.168.12.35","146.75.37.140","TLSv1.2","89","Application Data"
"625","7.928315","146.75.37.140","192.168.12.35","TCP","54","443  >  61013 [ACK] Seq=170818 Ack=55387 Win=8244 Len=0"
"626","8.238184","192.168.12.35","146.75.37.140","TCP","55","62083  >  443 [ACK] Seq=1 Ack=1 Win=1022 Len=1"
"627","8.269085","146.75.37.140","192.168.12.35","TCP","66","443  >  62083 [ACK] Seq=1 Ack=2 Win=324 Len=0 SLE=1 SRE=2"
"628","8.642963","192.168.12.35","146.75.37.140","UDP","80","50355  >  443 Len=38"
"629","8.694225","146.75.37.140","192.168.12.35","UDP","71","443  >  50355 Len=29"
"630","9.871069","192.168.12.35","146.75.37.140","TCP","55","61140  >  443 [ACK] Seq=1 Ack=1 Win=2045 Len=1 [TCP PDU reassembled in 666]"
"631","9.895261","146.75.37.140","192.168.12.35","TCP","66","443  >  61140 [ACK] Seq=1 Ack=2 Win=424 Len=0 SLE=1 SRE=2"
"632","10.577536","192.168.12.35","146.75.37.140","UDP","95","50355  >  443 Len=53"
"633","10.577663","192.168.12.35","146.75.37.140","TLSv1.2","3357","Application Data"
"634","10.577694","192.168.12.35","146.75.37.140","TLSv1.2","2270","Application Data"
"635","10.608558","146.75.37.140","192.168.12.35","UDP","67","443  >  50355 Len=25"
"636","10.629189","192.168.12.35","146.75.37.140","UDP","84","50355  >  443 Len=42"
"637","10.631253","146.75.37.140","192.168.12.35","TCP","54","443  >  61013 [ACK] Seq=170818 Ack=56783 Win=8244 Len=0"
"638","10.631253","146.75.37.140","192.168.12.35","TCP","54","443  >  61013 [ACK] Seq=170818 Ack=58179 Win=8244 Len=0"
"639","10.631253","146.75.37.140","192.168.12.35","UDP","71","443  >  50355 Len=29"
"640","10.643522","146.75.37.140","192.168.12.35","TCP","54","443  >  61013 [ACK] Seq=170818 Ack=58690 Win=8244 Len=0"
"641","10.655334","146.75.37.140","192.168.12.35","TCP","54","443  >  61013 [ACK] Seq=170818 Ack=60086 Win=8244 Len=0"
"642","10.661612","146.75.37.140","192.168.12.35","TCP","54","443  >  61013 [ACK] Seq=170818 Ack=60906 Win=8244 Len=0"
"643","10.694881","146.75.37.140","192.168.12.35","TCP","1430","443  >  61013 [ACK] Seq=170818 Ack=60906 Win=8244 Len=1376 [TCP PDU reassembled in 644]"
"644","10.694881","146.75.37.140","192.168.12.35","TLSv1.2","995","Application Data"
"645","10.695093","192.168.12.35","146.75.37.140","TCP","54","61013  >  443 [ACK] Seq=60906 Ack=173135 Win=1025 Len=0"
"646","13.479537","192.168.12.35","146.75.37.140","TCP","55","61039  >  443 [ACK] Seq=1 Ack=1 Win=4095 Len=1"
"647","13.510282","146.75.37.140","192.168.12.35","TCP","66","443  >  61039 [ACK] Seq=1 Ack=2 Win=424 Len=0 SLE=1 SRE=2"
"648","19.043811","192.168.12.35","146.75.37.140","TLSv1.2","3362","Application Data"
"649","19.044436","192.168.12.35","146.75.37.140","TLSv1.2","753","Application Data"
"650","19.044559","192.168.12.35","146.75.37.140","TLSv1.2","3380","Application Data"
"651","19.083672","146.75.37.140","192.168.12.35","TCP","54","443  >  61013 [ACK] Seq=173135 Ack=62302 Win=8244 Len=0"
"652","19.094549","192.168.12.35","146.75.37.140","UDP","1292","50355  >  443 Len=1250"
"653","19.095112","192.168.12.35","146.75.37.140","UDP","1019","50355  >  443 Len=977"
"654","19.098429","146.75.37.140","192.168.12.35","TCP","54","443  >  61013 [ACK] Seq=173135 Ack=63698 Win=8244 Len=0"
"655","19.110507","146.75.37.140","192.168.12.35","TCP","54","443  >  61013 [ACK] Seq=173135 Ack=64214 Win=8244 Len=0"
"656","19.110507","146.75.37.140","192.168.12.35","TCP","54","443  >  61013 [ACK] Seq=173135 Ack=64913 Win=8244 Len=0"
"657","19.128242","146.75.37.140","192.168.12.35","TCP","54","443  >  61013 [ACK] Seq=173135 Ack=66309 Win=8244 Len=0"
"658","19.139636","146.75.37.140","192.168.12.35","TCP","1430","443  >  61013 [ACK] Seq=173135 Ack=66309 Win=8244 Len=1376 [TCP PDU reassembled in 659]"
"659","19.139636","146.75.37.140","192.168.12.35","TLSv1.2","292","Application Data"
"660","19.140126","192.168.12.35","146.75.37.140","TCP","54","61013  >  443 [ACK] Seq=68239 Ack=174749 Win=1025 Len=0"
"661","19.142739","192.168.12.35","146.75.37.140","TLSv1.2","89","Application Data"
"662","19.148456","146.75.37.140","192.168.12.35","TCP","54","443  >  61013 [ACK] Seq=174749 Ack=68239 Win=8244 Len=0"
"663","19.169305","146.75.37.140","192.168.12.35","TCP","1430","443  >  61013 [ACK] Seq=174749 Ack=68239 Win=8244 Len=1376 [TCP PDU reassembled in 664]"
"664","19.169305","146.75.37.140","192.168.12.35","TLSv1.2","968","Application Data"
"665","19.169816","192.168.12.35","146.75.37.140","TCP","54","61013  >  443 [ACK] Seq=68274 Ack=177039 Win=1025 Len=0"
"666","19.180268","192.168.12.35","146.75.37.140","TLSv1.2","217","Ignored Unknown Record"
"667","19.180697","192.168.12.35","146.75.37.140","TLSv1.2","93","Application Data"
"668","19.197122","192.168.12.35","146.75.37.140","UDP","1292","50355  >  443 Len=1250"
"669","19.227822","146.75.37.140","192.168.12.35","TCP","54","443  >  61013 [ACK] Seq=177039 Ack=68274 Win=8244 Len=0"
"670","19.227822","146.75.37.140","192.168.12.35","TCP","54","443  >  61140 [ACK] Seq=1 Ack=165 Win=424 Len=0"
"671","19.227822","146.75.37.140","192.168.12.35","TCP","54","443  >  61140 [ACK] Seq=1 Ack=204 Win=424 Len=0"
"672","19.227822","146.75.37.140","192.168.12.35","TLSv1.2","93","Application Data"
"673","19.227822","146.75.37.140","192.168.12.35","TLSv1.2","183","Application Data"
"674","19.227822","146.75.37.140","192.168.12.35","TCP","1430","443  >  61140 [ACK] Seq=169 Ack=204 Win=424 Len=1376 [TCP PDU reassembled in 688]"
"675","19.227822","146.75.37.140","192.168.12.35","UDP","67","443  >  50355 Len=25"
"676","19.227822","146.75.37.140","192.168.12.35","TCP","1430","443  >  61140 [ACK] Seq=1545 Ack=204 Win=424 Len=1376 [TCP PDU reassembled in 688]"
"677","19.227822","146.75.37.140","192.168.12.35","TCP","1430","443  >  61140 [ACK] Seq=2921 Ack=204 Win=424 Len=1376 [TCP PDU reassembled in 688]"
"678","19.227822","146.75.37.140","192.168.12.35","TCP","1430","443  >  61140 [ACK] Seq=4297 Ack=204 Win=424 Len=1376 [TCP PDU reassembled in 688]"
"679","19.227822","146.75.37.140","192.168.12.35","TCP","1430","443  >  61140 [ACK] Seq=5673 Ack=204 Win=424 Len=1376 [TCP PDU reassembled in 688]"
"680","19.227822","146.75.37.140","192.168.12.35","TCP","1430","443  >  61140 [ACK] Seq=7049 Ack=204 Win=424 Len=1376 [TCP PDU reassembled in 688]"
"681","19.227822","146.75.37.140","192.168.12.35","TCP","1430","443  >  61140 [ACK] Seq=8425 Ack=204 Win=424 Len=1376 [TCP PDU reassembled in 688]"
"682","19.227822","146.75.37.140","192.168.12.35","TCP","1430","443  >  61140 [ACK] Seq=9801 Ack=204 Win=424 Len=1376 [TCP PDU reassembled in 688]"
"683","19.227822","146.75.37.140","192.168.12.35","TCP","1430","443  >  61140 [PSH, ACK] Seq=11177 Ack=204 Win=424 Len=1376 [TCP PDU reassembled in 688]"
"684","19.228708","192.168.12.35","146.75.37.140","TCP","54","61140  >  443 [ACK] Seq=204 Ack=169 Win=2050 Len=0"
"685","19.229128","192.168.12.35","146.75.37.140","TCP","54","61140  >  443 [ACK] Seq=204 Ack=12553 Win=2050 Len=0"
"686","19.233073","146.75.37.140","192.168.12.35","TCP","1430","443  >  61140 [ACK] Seq=12553 Ack=204 Win=424 Len=1376 [TCP PDU reassembled in 688]"
"687","19.233073","146.75.37.140","192.168.12.35","TCP","1430","443  >  61140 [ACK] Seq=13929 Ack=204 Win=424 Len=1376 [TCP PDU reassembled in 688]"
"688","19.233073","146.75.37.140","192.168.12.35","TLSv1.2","1430","Application Data"
"689","19.233073","146.75.37.140","192.168.12.35","TCP","1430","443  >  61140 [ACK] Seq=16681 Ack=204 Win=424 Len=1376 [TCP PDU reassembled in 700]"
"690","19.233073","146.75.37.140","192.168.12.35","TCP","1430","443  >  61140 [ACK] Seq=18057 Ack=204 Win=424 Len=1376 [TCP PDU reassembled in 700]"
"691","19.233073","146.75.37.140","192.168.12.35","TCP","1430","443  >  61140 [ACK] Seq=19433 Ack=204 Win=424 Len=1376 [TCP PDU reassembled in 700]"
"692","19.233073","146.75.37.140","192.168.12.35","TCP","1430","443  >  61140 [ACK] Seq=20809 Ack=204 Win=424 Len=1376 [TCP PDU reassembled in 700]"
"693","19.233073","146.75.37.140","192.168.12.35","TCP","1430","443  >  61140 [ACK] Seq=22185 Ack=204 Win=424 Len=1376 [TCP PDU reassembled in 700]"
"694","19.233073","146.75.37.140","192.168.12.35","TCP","1430","443  >  61140 [PSH, ACK] Seq=23561 Ack=204 Win=424 Len=1376 [TCP PDU reassembled in 700]"
"695","19.233073","146.75.37.140","192.168.12.35","TCP","1430","443  >  61140 [ACK] Seq=24937 Ack=204 Win=424 Len=1376 [TCP PDU reassembled in 700]"
"696","19.233073","146.75.37.140","192.168.12.35","TCP","1430","443  >  61140 [ACK] Seq=26313 Ack=204 Win=424 Len=1376 [TCP PDU reassembled in 700]"
"697","19.233073","146.75.37.140","192.168.12.35","TCP","1430","443  >  61140 [ACK] Seq=27689 Ack=204 Win=424 Len=1376 [TCP PDU reassembled in 700]"
"698","19.233073","146.75.37.140","192.168.12.35","TCP","1430","443  >  61140 [ACK] Seq=29065 Ack=204 Win=424 Len=1376 [TCP PDU reassembled in 700]"
"699","19.233073","146.75.37.140","192.168.12.35","TCP","1430","443  >  61140 [ACK] Seq=30441 Ack=204 Win=424 Len=1376 [TCP PDU reassembled in 700]"
"700","19.233073","146.75.37.140","192.168.12.35","TLSv1.2","1258","Application Data, Application Data"
"701","19.233073","146.75.37.140","192.168.12.35","TCP","1430","443  >  61140 [ACK] Seq=33021 Ack=204 Win=424 Len=1376 [TCP PDU reassembled in 712]"
"702","19.233073","146.75.37.140","192.168.12.35","TCP","1430","443  >  61140 [ACK] Seq=34397 Ack=204 Win=424 Len=1376 [TCP PDU reassembled in 712]"
"703","19.233073","146.75.37.140","192.168.12.35","TCP","1430","443  >  61140 [ACK] Seq=35773 Ack=204 Win=424 Len=1376 [TCP PDU reassembled in 712]"
"704","19.233073","146.75.37.140","192.168.12.35","TCP","1430","443  >  61140 [ACK] Seq=37149 Ack=204 Win=424 Len=1376 [TCP PDU reassembled in 712]"
"705","19.233073","146.75.37.140","192.168.12.35","TCP","1430","443  >  61140 [ACK] Seq=38525 Ack=204 Win=424 Len=1376 [TCP PDU reassembled in 712]"
"706","19.233073","146.75.37.140","192.168.12.35","TCP","1430","443  >  61140 [ACK] Seq=39901 Ack=204 Win=424 Len=1376 [TCP PDU reassembled in 712]"
"707","19.233073","146.75.37.140","192.168.12.35","TCP","1430","443  >  61140 [ACK] Seq=41277 Ack=204 Win=424 Len=1376 [TCP PDU reassembled in 712]"
"708","19.233073","146.75.37.140","192.168.12.35","TCP","1430","443  >  61140 [ACK] Seq=42653 Ack=204 Win=424 Len=1376 [TCP PDU reassembled in 712]"
"709","19.233073","146.75.37.140","192.168.12.35","TCP","1430","443  >  61140 [PSH, ACK] Seq=44029 Ack=204 Win=424 Len=1376 [TCP PDU reassembled in 712]"
"710","19.233073","146.75.37.140","192.168.12.35","TCP","1430","443  >  61140 [ACK] Seq=45405 Ack=204 Win=424 Len=1376 [TCP PDU reassembled in 712]"
"711","19.233073","146.75.37.140","192.168.12.35","TCP","1430","443  >  61140 [ACK] Seq=46781 Ack=204 Win=424 Len=1376 [TCP PDU reassembled in 712]"
"712","19.233073","146.75.37.140","192.168.12.35","TLSv1.2","1430","Application Data"
"713","19.233073","146.75.37.140","192.168.12.35","TCP","1430","443  >  61140 [ACK] Seq=49533 Ack=204 Win=424 Len=1376 [TCP PDU reassembled in 724]"
"714","19.233073","146.75.37.140","192.168.12.35","TCP","1430","443  >  61140 [ACK] Seq=50909 Ack=204 Win=424 Len=1376 [TCP PDU reassembled in 724]"
"715","19.233073","146.75.37.140","192.168.12.35","TCP","1430","443  >  61140 [ACK] Seq=52285 Ack=204 Win=424 Len=1376 [TCP PDU reassembled in 724]"
"716","19.233073","146.75.37.140","192.168.12.35","TCP","1430","443  >  61140 [ACK] Seq=53661 Ack=204 Win=424 Len=1376 [TCP PDU reassembled in 724]"
"717","19.233073","146.75.37.140","192.168.12.35","TCP","1430","443  >  61140 [ACK] Seq=55037 Ack=204 Win=424 Len=1376 [TCP PDU reassembled in 724]"
"718","19.233535","146.75.37.140","192.168.12.35","TCP","1430","443  >  61140 [PSH, ACK] Seq=56413 Ack=204 Win=424 Len=1376 [TCP PDU reassembled in 724]"
"719","19.233535","146.75.37.140","192.168.12.35","TCP","1430","443  >  61140 [ACK] Seq=57789 Ack=204 Win=424 Len=1376 [TCP PDU reassembled in 724]"
"720","19.233535","146.75.37.140","192.168.12.35","TCP","1430","443  >  61140 [ACK] Seq=59165 Ack=204 Win=424 Len=1376 [TCP PDU reassembled in 724]"
"721","19.233535","146.75.37.140","192.168.12.35","TCP","1430","443  >  61140 [ACK] Seq=60541 Ack=204 Win=424 Len=1376 [TCP PDU reassembled in 724]"
"722","19.233535","146.75.37.140","192.168.12.35","TCP","1430","443  >  61140 [ACK] Seq=61917 Ack=204 Win=424 Len=1376 [TCP PDU reassembled in 724]"
"723","19.233535","146.75.37.140","192.168.12.35","TCP","1430","443  >  61140 [ACK] Seq=63293 Ack=204 Win=424 Len=1376 [TCP PDU reassembled in 724]"
"724","19.233535","146.75.37.140","192.168.12.35","TLSv1.2","1430","Application Data"
"725","19.233535","146.75.37.140","192.168.12.35","TCP","1430","443  >  61140 [ACK] Seq=66045 Ack=204 Win=424 Len=1376 [TCP PDU reassembled in 736]"
"726","19.233535","146.75.37.140","192.168.12.35","TCP","1430","443  >  61140 [ACK] Seq=67421 Ack=204 Win=424 Len=1376 [TCP PDU reassembled in 736]"
"727","19.233535","146.75.37.140","192.168.12.35","TCP","1430","443  >  61140 [PSH, ACK] Seq=68797 Ack=204 Win=424 Len=1376 [TCP PDU reassembled in 736]"
"728","19.233535","146.75.37.140","192.168.12.35","TCP","1430","443  >  61140 [ACK] Seq=70173 Ack=204 Win=424 Len=1376 [TCP PDU reassembled in 736]"
"729","19.233535","146.75.37.140","192.168.12.35","TCP","1430","443  >  61140 [ACK] Seq=71549 Ack=204 Win=424 Len=1376 [TCP PDU reassembled in 736]"
"730","19.233535","146.75.37.140","192.168.12.35","TCP","1430","443  >  61140 [ACK] Seq=72925 Ack=204 Win=424 Len=1376 [TCP PDU reassembled in 736]"
"731","19.233535","146.75.37.140","192.168.12.35","TCP","1430","443  >  61140 [ACK] Seq=74301 Ack=204 Win=424 Len=1376 [TCP PDU reassembled in 736]"
"732","19.233535","146.75.37.140","192.168.12.35","TCP","1430","443  >  61140 [ACK] Seq=75677 Ack=204 Win=424 Len=1376 [TCP PDU reassembled in 736]"
"733","19.233535","146.75.37.140","192.168.12.35","TCP","1430","443  >  61140 [ACK] Seq=77053 Ack=204 Win=424 Len=1376 [TCP PDU reassembled in 736]"
"734","19.233535","146.75.37.140","192.168.12.35","TCP","1430","443  >  61140 [ACK] Seq=78429 Ack=204 Win=424 Len=1376 [TCP PDU reassembled in 736]"
"735","19.233535","146.75.37.140","192.168.12.35","TCP","1430","443  >  61140 [ACK] Seq=79805 Ack=204 Win=424 Len=1376 [TCP PDU reassembled in 736]"
"736","19.233535","146.75.37.140","192.168.12.35","TLSv1.2","1430","Application Data"
"737","19.233535","146.75.37.140","192.168.12.35","TCP","1430","443  >  61140 [ACK] Seq=82557 Ack=204 Win=424 Len=1376 [TCP PDU reassembled in 744]"
"738","19.233535","146.75.37.140","192.168.12.35","TCP","1430","443  >  61140 [ACK] Seq=83933 Ack=204 Win=424 Len=1376 [TCP PDU reassembled in 744]"
"739","19.233535","146.75.37.140","192.168.12.35","TCP","1430","443  >  61140 [ACK] Seq=85309 Ack=204 Win=424 Len=1376 [TCP PDU reassembled in 744]"
"740","19.233535","146.75.37.140","192.168.12.35","TCP","1430","443  >  61140 [ACK] Seq=86685 Ack=204 Win=424 Len=1376 [TCP PDU reassembled in 744]"
"741","19.233535","146.75.37.140","192.168.12.35","TCP","1430","443  >  61140 [ACK] Seq=88061 Ack=204 Win=424 Len=1376 [TCP PDU reassembled in 744]"
"742","19.233535","146.75.37.140","192.168.12.35","TCP","1430","443  >  61140 [ACK] Seq=89437 Ack=204 Win=424 Len=1376 [TCP PDU reassembled in 744]"
"743","19.233535","146.75.37.140","192.168.12.35","TCP","1430","443  >  61140 [ACK] Seq=90813 Ack=204 Win=424 Len=1376 [TCP PDU reassembled in 744]"
"744","19.233535","146.75.37.140","192.168.12.35","TLSv1.2","870","Application Data"
"745","19.233609","192.168.12.35","146.75.37.140","TCP","54","61140  >  443 [ACK] Seq=204 Ack=31817 Win=2050 Len=0"
"746","19.233731","192.168.12.35","146.75.37.140","TCP","54","61140  >  443 [ACK] Seq=204 Ack=33021 Win=2045 Len=0"
"747","19.233766","192.168.12.35","146.75.37.140","TCP","54","61140  >  443 [ACK] Seq=204 Ack=56413 Win=2050 Len=0"
"748","19.233826","192.168.12.35","146.75.37.140","TCP","54","61140  >  443 [ACK] Seq=204 Ack=92189 Win=2050 Len=0"
"749","19.233848","192.168.12.35","146.75.37.140","TCP","54","61140  >  443 [ACK] Seq=204 Ack=93005 Win=2047 Len=0"
"750","19.234192","192.168.12.35","146.75.37.140","TLSv1.2","89","Application Data"
"751","19.243748","146.75.37.140","192.168.12.35","UDP","69","443  >  50355 Len=27"
"752","19.251517","146.75.37.140","192.168.12.35","UDP","829","443  >  50355 Len=787"
"753","19.251517","146.75.37.140","192.168.12.35","UDP","453","443  >  50355 Len=411"
"754","19.270594","146.75.37.140","192.168.12.35","TCP","54","443  >  61140 [ACK] Seq=93005 Ack=239 Win=424 Len=0"
"755","19.274791","192.168.12.35","146.75.37.140","UDP","84","50355  >  443 Len=42"
"756","19.456113","192.168.12.35","146.75.37.140","UDP","1292","50355  >  443 Len=1250"
"757","19.456246","192.168.12.35","146.75.37.140","UDP","1022","50355  >  443 Len=980"
"758","19.498340","146.75.37.140","192.168.12.35","UDP","67","443  >  50355 Len=25"
"759","19.711940","192.168.12.35","146.75.37.140","UDP","80","50355  >  443 Len=38"
"760","19.758933","146.75.37.140","192.168.12.35","UDP","67","443  >  50355 Len=25"
"761","19.975501","192.168.12.35","146.75.37.140","UDP","80","50355  >  443 Len=38"
"762","20.039548","146.75.37.140","192.168.12.35","UDP","67","443  >  50355 Len=25"
"763","20.241894","192.168.12.35","146.75.37.140","UDP","80","50355  >  443 Len=38"
"764","20.288609","146.75.37.140","192.168.12.35","UDP","67","443  >  50355 Len=25"
"765","20.503454","192.168.12.35","146.75.37.140","UDP","80","50355  >  443 Len=38"
"766","20.553373","146.75.37.140","192.168.12.35","UDP","67","443  >  50355 Len=25"
"767","20.769025","192.168.12.35","146.75.37.140","UDP","80","50355  >  443 Len=38"
"768","20.818382","146.75.37.140","192.168.12.35","UDP","67","443  >  50355 Len=25"
"769","21.019381","192.168.12.35","146.75.37.140","UDP","80","50355  >  443 Len=38"
"770","21.031677","192.168.12.35","146.75.37.140","TCP","55","62042  >  443 [ACK] Seq=1 Ack=1 Win=1024 Len=1"
"771","21.063991","146.75.37.140","192.168.12.35","TCP","66","443  >  62042 [ACK] Seq=1 Ack=2 Win=302 Len=0 SLE=1 SRE=2"
"772","21.083607","146.75.37.140","192.168.12.35","UDP","67","443  >  50355 Len=25"
"773","21.498333","192.168.12.35","146.75.37.140","UDP","80","50355  >  443 Len=38"
"774","21.590050","192.168.12.35","146.75.37.140","UDP","80","50355  >  443 Len=38"
"775","21.624510","146.75.37.140","192.168.12.35","UDP","69","443  >  50355 Len=27"
"776","22.048951","192.168.12.35","146.75.37.140","TLSv1.2","3359","Application Data"
"777","22.049032","192.168.12.35","146.75.37.140","TLSv1.2","997","Application Data"
"778","22.103768","146.75.37.140","192.168.12.35","TCP","54","443  >  61013 [ACK] Seq=177039 Ack=69670 Win=8244 Len=0"
"779","22.118400","146.75.37.140","192.168.12.35","TCP","54","443  >  61013 [ACK] Seq=177039 Ack=71066 Win=8244 Len=0"
"780","22.130561","146.75.37.140","192.168.12.35","TCP","54","443  >  61013 [ACK] Seq=177039 Ack=71579 Win=8244 Len=0"
"781","22.138878","146.75.37.140","192.168.12.35","TCP","54","443  >  61013 [ACK] Seq=177039 Ack=72522 Win=8244 Len=0"
"782","22.162463","146.75.37.140","192.168.12.35","TCP","1430","443  >  61013 [ACK] Seq=177039 Ack=72522 Win=8244 Len=1376 [TCP PDU reassembled in 783]"
"783","22.162463","146.75.37.140","192.168.12.35","TLSv1.2","293","Application Data"
"784","22.162463","146.75.37.140","192.168.12.35","TLSv1.2","87","Application Data"
"785","22.162789","192.168.12.35","146.75.37.140","TCP","54","61013  >  443 [ACK] Seq=72522 Ack=178654 Win=1025 Len=0"
"786","22.215005","192.168.12.35","146.75.37.140","TCP","54","61013  >  443 [ACK] Seq=72522 Ack=178687 Win=1025 Len=0"
"787","22.432356","192.168.12.35","146.75.37.140","UDP","80","50355  >  443 Len=38"
"788","22.486003","146.75.37.140","192.168.12.35","UDP","69","443  >  50355 Len=27"
"789","22.960015","192.168.12.35","146.75.37.140","TCP","55","62685  >  443 [ACK] Seq=1 Ack=1 Win=512 Len=1"
"790","22.984910","146.75.37.140","192.168.12.35","TCP","66","443  >  62685 [ACK] Seq=1 Ack=2 Win=302 Len=0 SLE=1 SRE=2"
"791","24.098828","192.168.12.35","146.75.37.140","UDP","80","50355  >  443 Len=38"
"792","24.184785","146.75.37.140","192.168.12.35","UDP","69","443  >  50355 Len=27"
"793","27.387402","192.168.12.35","146.75.37.140","UDP","80","50355  >  443 Len=38"
